"","UNIQID","fguild_3_sor","fguild_4_sor","fguild_7_sor","count_prey","taxa_PRED","family_PRED","Pred","pred.size.class","common_PRED","midS","Lm","midL","Loo","N.recs","N.obs","N.guts","Size","Acanthocephala","Annelida","Arthropoda","Ascomycota","Brachiopoda","Bryozoa","Cephalorhyncha","Chaetognatha","Charophyta","Chlorophyta","Chordata","Ciliophora","Cnidaria","Ctenophora","Echinodermata","Entoprocta","Foraminifera","Haptophyta","Hemichordata","Magnoliophyta","Mollusca","Myzozoa","Nematoda","Nemertea","Ochrophyta","Phoronida","Platyhelminthes","Porifera","Rhodophyta","Sipuncula","Tracheophyta","F.guild"
"1","AMO.L","1","1","1",10,"Ammodytes","Ammodytidae","AMO","L","Sandeel",8.04741028552625,16.0948205710525,21.1328685376382,26.1709165042239,96,960,255,26.1709165042239,0,7.69230769230769,46.1538461538462,0,0,0,0,0,0,0,38.4615384615385,0,0,0,0,0,0,0,0,0,0,0,7.69230769230769,0,0,0,0,0,0,0,0,"GP"
"2","AMO.Lv","1","1","2",11,"Ammodytes","Ammodytidae","AMO","Lv","Sandeel",8.04741028552625,16.0948205710525,21.1328685376382,26.1709165042239,38,679,411,3,0,6.25,62.5,0,0,0,0,0,0,0,6.25,6.25,0,0,0,0,0,0,0,0,6.25,6.25,0,0,6.25,0,0,0,0,0,0,"ZP"
"3","AMO.M","1","1","1",21,"Ammodytes","Ammodytidae","AMO","M","Sandeel",8.04741028552625,16.0948205710525,21.1328685376382,26.1709165042239,75,46684,298,18.6138445543454,0,6.89655172413793,55.1724137931034,0,0,0,0,0,0,0,31.0344827586207,0,0,0,0,0,0,0,0,0,3.44827586206897,0,3.44827586206897,0,0,0,0,0,0,0,0,"GP"
"4","AMO.Sm","1","1","1",19,"Ammodytes","Ammodytidae","AMO","Sm","Sandeel",8.04741028552625,16.0948205710525,21.1328685376382,26.1709165042239,91,12454,164,12.0711154282894,0,6.89655172413793,51.7241379310345,0,0,0,0,3.44827586206897,0,0,24.1379310344828,0,0,0,3.44827586206897,0,0,0,0,0,6.89655172413793,0,3.44827586206897,0,0,0,0,0,0,0,0,"GP"
"5","ANE.L","1","1","1",15,"Engraulis encrasicolus","Engraulidae","ANE","L","European anchovy",5.1121100170014,10.2242200340028,14.2160304433772,18.2078408527517,39,2889,39,18.2078408527517,0,0,61.1111111111111,0,0,0,0,0,0,0,33.3333333333333,0,0,0,0,0,0,0,0,0,0,0,5.55555555555556,0,0,0,0,0,0,0,0,"GP"
"6","BIB.L","2","2","3",21,"Trisopterus luscus","Gadidae","BIB","L","Whiting-pout (bib)",10.0304312327128,20.0608624654256,29.8090165452996,39.5571706251737,66,1540,319,39.5571706251737,0,4.44444444444444,55.5555555555556,0,0,0,0,0,0,0,17.7777777777778,0,0,0,0,2.22222222222222,0,0,0,0,13.3333333333333,0,2.22222222222222,2.22222222222222,0,0,0,2.22222222222222,0,0,0,"ZB"
"7","BIB.M","2","2","3",21,"Trisopterus luscus","Gadidae","BIB","M","Whiting-pout (bib)",10.0304312327128,20.0608624654256,29.8090165452996,39.5571706251737,113,2357,442,24.9349395053626,0,9.43396226415094,56.6037735849057,0,0,0,0,0,0,0,15.0943396226415,0,1.88679245283019,0,1.88679245283019,1.88679245283019,0,0,0,0,11.3207547169811,0,1.88679245283019,0,0,0,0,0,0,0,0,"ZB"
"8","BIB.S","3","3","4",21,"Trisopterus luscus","Gadidae","BIB","S","Whiting-pout (bib)",10.0304312327128,20.0608624654256,29.8090165452996,39.5571706251737,24,1800,405,6.5152156163564,0,8.33333333333333,66.6666666666667,0,0,0,0,0,0,0,12.5,0,0,2.08333333333333,0,2.08333333333333,0,0,0,0,6.25,0,2.08333333333333,0,0,0,0,0,0,0,0,"CB"
"9","BIB.Sm","2","2","3",21,"Trisopterus luscus","Gadidae","BIB","Sm","Whiting-pout (bib)",10.0304312327128,20.0608624654256,29.8090165452996,39.5571706251737,103,4026,920,15.0456468490692,0,10.9090909090909,50.9090909090909,0,0,0,0,0,0,0,18.1818181818182,0,0,1.81818181818182,1.81818181818182,1.81818181818182,0,0,0,0,10.9090909090909,0,3.63636363636364,0,0,0,0,0,0,0,0,"ZB"
"10","BLL.L","2","4","5",21,"Scophthalmus rhombus","Scophthalmidae","BLL","L","Brill",9.65045316848535,19.3009063369707,31.2423478355611,43.1837893341516,125,637,427,43.1837893341516,0,4,20,0,0,0,0,0,0,0,56,0,0,0,4,0,0,0,0,0,16,0,0,0,0,0,0,0,0,0,0,"PI"
"11","BLL.M","2","4","5",21,"Scophthalmus rhombus","Scophthalmidae","BLL","M","Brill",9.65045316848535,19.3009063369707,31.2423478355611,43.1837893341516,97,1340,1024,25.2716270862659,0,0,18.5185185185185,0,0,0,0,0,0,0,70.3703703703704,0,0,0,0,0,0,0,0,0,7.40740740740741,0,3.7037037037037,0,0,0,0,0,0,0,0,"PI"
"12","BLL.S","3","3","6",8,"Scophthalmus rhombus","Scophthalmidae","BLL","S","Brill",9.65045316848535,19.3009063369707,31.2423478355611,43.1837893341516,11,166,74,6.32522658424268,0,10,30,0,0,0,0,0,0,0,50,0,0,0,0,0,0,0,0,0,10,0,0,0,0,0,0,0,0,0,0,"GB"
"13","BLL.Sm","3","3","6",10,"Scophthalmus rhombus","Scophthalmidae","BLL","Sm","Brill",9.65045316848535,19.3009063369707,31.2423478355611,43.1837893341516,27,298,129,14.475679752728,0,0,33.3333333333333,0,0,0,0,0,0,0,58.3333333333333,0,0,0,0,0,0,0,0,0,8.33333333333333,0,0,0,0,0,0,0,0,0,0,"GB"
"14","BLR.S","2","2","3",15,"Raja brachyura","Rajidae","BLR","S","Blonde ray",45.670847541424,91.3416950828479,109.604003348852,127.866311614857,26,224,67,24.335423770712,0,0,70.5882352941177,0,0,0,0,0,0,0,29.4117647058824,0,0,0,0,0,0,0,0,0,0,0,0,0,0,0,0,0,0,0,0,"ZB"
"15","BLR.Sm","2","2","3",12,"Raja brachyura","Rajidae","BLR","Sm","Blonde ray",45.670847541424,91.3416950828479,109.604003348852,127.866311614857,12,224,49,68.5062713121359,0,6.66666666666667,73.3333333333333,0,0,0,0,0,0,0,20,0,0,0,0,0,0,0,0,0,0,0,0,0,0,0,0,0,0,0,0,"ZB"
"16","BRT.L","3","3","4",18,"Myoxocephalus scorpius","Cottidae","BRT","L","Bullrout",7.33872290362095,14.6774458072419,19.6259034148255,24.574361022409,11,251,135,24.574361022409,0,0,59.0909090909091,0,0,0,0,0,0,0,18.1818181818182,0,0,0,0,0,0,0,0,0,18.1818181818182,0,0,0,4.54545454545455,0,0,0,0,0,0,"CB"
"17","BRT.M","3","3","4",19,"Myoxocephalus scorpius","Cottidae","BRT","M","Bullrout",7.33872290362095,14.6774458072419,19.6259034148255,24.574361022409,13,323,143,17.1516746110337,0,0,60.8695652173913,0,0,0,0,0,0,0,17.3913043478261,0,0,0,0,0,0,0,0,0,17.3913043478261,0,0,0,4.34782608695652,0,0,0,0,0,0,"CB"
"18","BSH.M","2","4","5",16,"Prionace glauca","Carcharhinidae","BSH","M","Blue shark",106.049991530483,212.099983060967,274.335533907606,336.571084754246,1,200,98,243.217758484287,0,3.84615384615385,7.69230769230769,0,0,0,0,0,0,0,42.3076923076923,0,0,0,0,0,0,0,0,0,38.4615384615385,0,0,0,7.69230769230769,0,0,0,0,0,0,"PI"
"19","BSH.Sm","2","4","5",18,"Prionace glauca","Carcharhinidae","BSH","Sm","Blue shark",106.049991530483,212.099983060967,274.335533907606,336.571084754246,9,1172,353,159.074987295725,0,2.5,12.5,0,0,0,0,0,0,0,37.5,0,0,0,0,0,0,0,0,0,42.5,0,0,0,5,0,0,0,0,0,0,"PI"
"20","BTF.Lv","1","1","2",6,"Pholis gunnellus","Pholidae","BTF","Lv","Butter fish",7.10877947638055,14.2175589527611,18.9320472319794,23.6465355111977,8,82,44,3,0,0,75,0,0,0,0,0,0,0,12.5,0,0,0,0,0,0,0,0,0,12.5,0,0,0,0,0,0,0,0,0,0,"ZP"
"21","BTF.M","3","3","4",10,"Pholis gunnellus","Pholidae","BTF","M","Butter fish",7.10877947638055,14.2175589527611,18.9320472319794,23.6465355111977,48,1707,621,16.5748030923702,0,11.7647058823529,52.9411764705882,0,0,0,0,0,0,0,5.88235294117647,0,0,0,5.88235294117647,0,5.88235294117647,0,0,0,11.7647058823529,0,0,0,5.88235294117647,0,0,0,0,0,0,"CB"
"22","BTF.Sm","3","3","4",9,"Pholis gunnellus","Pholidae","BTF","Sm","Butter fish",7.10877947638055,14.2175589527611,18.9320472319794,23.6465355111977,40,1571,613,10.6631692145708,0,12.5,50,0,0,0,0,0,0,0,6.25,0,0,0,6.25,0,6.25,0,0,0,12.5,0,0,0,6.25,0,0,0,0,0,0,"CB"
"23","CDT.L","3","3","4",19,"Callionymus lyra","Callionymidae","CDT","L","Common dragonet",6.90393514333335,13.8078702866667,18.0323347181473,22.2567991496278,39,340,134,22.2567991496278,0,3.03030303030303,54.5454545454545,0,0,0,0,0,0,0,0,0,0,0,12.1212121212121,0,0,0,0,0,30.3030303030303,0,0,0,0,0,0,0,0,0,0,"CB"
"24","CDT.Lv","1","1","2",12,"Callionymus lyra","Callionymidae","CDT","Lv","Common dragonet",6.90393514333335,13.8078702866667,18.0323347181473,22.2567991496278,2,49,224,3,0,0,92.3076923076923,0,0,0,0,0,0,0,7.69230769230769,0,0,0,0,0,0,0,0,0,0,0,0,0,0,0,0,0,0,0,0,"ZP"
"25","CDT.M","3","3","4",20,"Callionymus lyra","Callionymidae","CDT","M","Common dragonet",6.90393514333335,13.8078702866667,18.0323347181473,22.2567991496278,39,401,127,15.920102502407,0,15.7894736842105,52.6315789473684,0,0,0,0,0,0,0,0,0,0,0,7.89473684210526,0,0,0,0,0,21.0526315789474,0,0,0,0,0,0,2.63157894736842,0,0,0,"CB"
"26","CDT.Sm","3","3","4",21,"Callionymus lyra","Callionymidae","CDT","Sm","Common dragonet",6.90393514333335,13.8078702866667,18.0323347181473,22.2567991496278,27,426,169,10.355902715,0,20,42,0,0,0,0,0,0,0,2,0,2,0,6,0,0,0,0,0,26,0,0,0,2,0,0,0,0,0,0,"CB"
"27","COD.L","2","4","5",21,"Gadus morhua","Gadidae","COD","L","Cod",22.5689674828178,45.1379349656355,75.4943361483142,105.850737330993,5436,166738,10056,105.850737330993,0,8.80503144654088,28.9308176100629,0,0,0,0.628930817610063,0.628930817610063,0,0,24.5283018867925,0.628930817610063,3.14465408805031,1.88679245283019,7.54716981132075,0.628930817610063,0,0,0.628930817610063,0,16.9811320754717,0,1.25786163522013,0.628930817610063,0.628930817610063,0,0.628930817610063,0.628930817610063,0,1.25786163522013,0,"PI"
"28","COD.Lv","1","1","2",14,"Gadus morhua","Gadidae","COD","Lv","Cod",22.5689674828178,45.1379349656355,75.4943361483142,105.850737330993,173,3717,320,3,0,0,76.4705882352941,0,0,0,0,0,0,0,11.7647058823529,0,5.88235294117647,0,0,0,0,0,0,0,0,0,0,0,5.88235294117647,0,0,0,0,0,0,"ZP"
"29","COD.M","2","4","5",21,"Gadus morhua","Gadidae","COD","M","Cod",22.5689674828178,45.1379349656355,75.4943361483142,105.850737330993,13683,337611,33670,60.3161355569749,0,9.30232558139535,28.3720930232558,0.465116279069767,0.465116279069767,0.465116279069767,0.465116279069767,0.465116279069767,0,0,24.1860465116279,0.465116279069767,3.72093023255814,1.86046511627907,6.51162790697674,0.465116279069767,0,0,0,0,17.6744186046512,0,0.930232558139535,0.930232558139535,1.3953488372093,0,0,0.930232558139535,0,0.930232558139535,0,"PI"
"30","COD.S","2","4","5",21,"Gadus morhua","Gadidae","COD","S","Cod",22.5689674828178,45.1379349656355,75.4943361483142,105.850737330993,3661,173055,16958,12.7844837414089,0,7.78443113772455,47.9041916167665,0,0,0,0.598802395209581,1.19760479041916,0,0,19.1616766467066,0.598802395209581,1.79640718562874,1.19760479041916,5.38922155688623,0,0,0,0,0,9.58083832335329,0,1.19760479041916,1.79640718562874,0.598802395209581,0,0,0.598802395209581,0,0.598802395209581,0,"PI"
"31","COD.Sm","2","4","5",21,"Gadus morhua","Gadidae","COD","Sm","Cod",22.5689674828178,45.1379349656355,75.4943361483142,105.850737330993,9185,291112,35943,33.8534512242266,0,7.87037037037037,31.4814814814815,0,0,0.462962962962963,0.925925925925926,0.462962962962963,0,0,23.6111111111111,0.462962962962963,3.7037037037037,1.38888888888889,5.55555555555556,0.462962962962963,0,0,0,0,18.5185185185185,0,0.925925925925926,1.85185185185185,0.925925925925926,0,0,0.462962962962963,0,0.925925925925926,0,"PI"
"32","CUR.S","2","2","3",18,"Leucoraja naevus","Rajidae","CUR","S","Cuckoo ray",29.3749788759827,58.7499577519654,71.2050213804276,83.6600850088897,27,222,82,16.1874894379913,0,4.16666666666667,70.8333333333333,0,0,0,0,0,0,0,8.33333333333333,0,0,0,0,0,8.33333333333333,0,0,0,4.16666666666667,0,4.16666666666667,0,0,0,0,0,0,0,0,"ZB"
"33","CUR.Sm","2","2","3",21,"Leucoraja naevus","Rajidae","CUR","Sm","Cuckoo ray",29.3749788759827,58.7499577519654,71.2050213804276,83.6600850088897,153,738,281,44.0624683139741,0,12.7659574468085,51.063829787234,0,0,0,0,0,0,0,27.6595744680851,0,0,0,0,0,0,0,0,0,6.38297872340426,0,2.12765957446809,0,0,0,0,0,0,0,0,"ZB"
"34","DAB.L","3","3","7",21,"Limanda limanda","Pleuronectidae","DAB","L","Dab",8.0336382943323,16.0672765886646,23.8676116494542,31.6679467102437,967,8553,2877,31.6679467102437,0,15.5555555555556,27.4074074074074,0.740740740740741,0,3.7037037037037,0.740740740740741,0.740740740740741,0,0,8.88888888888889,0,8.14814814814815,0,6.66666666666667,0.740740740740741,0,0,0,0,23.7037037037037,0,0.740740740740741,0.740740740740741,0.740740740740741,0,0,0.740740740740741,0,0,0,"SB"
"35","DAB.Lv","1","1","2",19,"Limanda limanda","Pleuronectidae","DAB","Lv","Dab",8.0336382943323,16.0672765886646,23.8676116494542,31.6679467102437,18,3985,1348,3,0,3.7037037037037,55.5555555555556,0,0,0,0,0,0,0,7.40740740740741,3.7037037037037,0,0,0,0,0,0,0,0,7.40740740740741,3.7037037037037,0,0,18.5185185185185,0,0,0,0,0,0,"ZP"
"36","DAB.M","3","3","7",20,"Limanda limanda","Pleuronectidae","DAB","M","Dab",8.0336382943323,16.0672765886646,23.8676116494542,31.6679467102437,3969,17682,6706,19.9674441190594,0,16.3841807909604,29.3785310734463,0.564971751412429,0.564971751412429,1.69491525423729,0.564971751412429,0.564971751412429,0,0.564971751412429,8.47457627118644,0,6.77966101694915,0.564971751412429,6.21468926553672,0.564971751412429,0,0,0,0,22.0338983050847,0,0.564971751412429,1.12994350282486,0.564971751412429,0.564971751412429,0.564971751412429,1.12994350282486,0,0.564971751412429,0,"SB"
"37","DAB.S","1","1","2",20,"Limanda limanda","Pleuronectidae","DAB","S","Dab",8.0336382943323,16.0672765886646,23.8676116494542,31.6679467102437,51,11538,760,5.51681914716615,0,8.19672131147541,59.0163934426229,0,0,0,0,0,0,0,3.27868852459016,0,3.27868852459016,1.63934426229508,3.27868852459016,0,3.27868852459016,0,0,0,14.7540983606557,0,1.63934426229508,0,0,0,1.63934426229508,0,0,0,0,"ZP"
"38","DAB.Sm","3","3","7",20,"Limanda limanda","Pleuronectidae","DAB","Sm","Dab",8.0336382943323,16.0672765886646,23.8676116494542,31.6679467102437,485,2938,1431,12.0504574414985,0,16.8539325842697,35.9550561797753,0,0,0,0,0,0,0,3.37078651685393,0,3.37078651685393,1.12359550561798,8.98876404494382,1.12359550561798,2.24719101123596,0,0,0,24.7191011235955,0,1.12359550561798,1.12359550561798,0,0,0,0,0,0,0,"SB"
"39","DGN.L","3","3","4",21,"Scyliorhinus stellaris","Scyliorhinidae","DGN","L","Nurse hound",29.9428000095644,59.8856000191288,78.0159514571634,96.1463028951979,13,221,57,96.1463028951979,0,4.16666666666667,45.8333333333333,0,0,0,0,0,0,8.33333333333333,16.6666666666667,0,0,0,0,0,0,0,0,0,8.33333333333333,0,0,0,12.5,0,0,0,0,0,4.16666666666667,"CB"
"40","DGN.M","3","3","4",19,"Scyliorhinus stellaris","Scyliorhinidae","DGN","M","Nurse hound",29.9428000095644,59.8856000191288,78.0159514571634,96.1463028951979,9,210,53,68.9507757381461,0,4.54545454545455,36.3636363636364,0,0,0,0,0,0,9.09090909090909,18.1818181818182,0,0,0,0,0,0,0,0,0,13.6363636363636,0,0,0,13.6363636363636,0,0,0,0,0,4.54545454545455,"CB"
"41","DGS.L","2","4","5",19,"Squalus acanthias","Squalidae","DGS","L","Spurdog",37.4157370243083,74.8314740486167,95.3116649510648,115.791855853513,43,166,304,115.791855853513,0,18.1818181818182,13.6363636363636,0,0,0,0,0,0,0,50,0,0,4.54545454545455,0,0,0,0,0,0,13.6363636363636,0,0,0,0,0,0,0,0,0,0,"PI"
"42","DGS.M","2","4","5",21,"Squalus acanthias","Squalidae","DGS","M","Spurdog",37.4157370243083,74.8314740486167,95.3116649510648,115.791855853513,148,3134,516,85.0715694998408,0,10.2564102564103,28.2051282051282,0,0,0,0,0,0,0,41.025641025641,0,2.56410256410256,2.56410256410256,0,0,0,0,0,0,12.8205128205128,0,2.56410256410256,0,0,0,0,0,0,0,0,"PI"
"43","DGS.S","2","4","5",20,"Squalus acanthias","Squalidae","DGS","S","Spurdog",37.4157370243083,74.8314740486167,95.3116649510648,115.791855853513,61,422,356,20.2078685121542,0,13.3333333333333,30,0,0,0,0,0,0,0,33.3333333333333,0,3.33333333333333,0,0,0,0,0,0,0,13.3333333333333,0,3.33333333333333,0,0,0,0,3.33333333333333,0,0,0,"PI"
"44","DGS.Sm","2","4","5",21,"Squalus acanthias","Squalidae","DGS","Sm","Spurdog",37.4157370243083,74.8314740486167,95.3116649510648,115.791855853513,199,777,436,56.1236055364625,0,10.2564102564103,23.0769230769231,0,0,0,0,0,0,0,41.025641025641,0,0,5.12820512820513,0,0,0,0,0,0,17.9487179487179,0,2.56410256410256,0,0,0,0,0,0,0,0,"PI"
"45","DTX.Lv","1","1","2",6,"Callionymidae","Callionymidae","DTX","Lv","Dragonets",8.99893519811305,17.9978703962261,24.799575226208,31.6012800561899,1,304,37,3,0,0,87.5,0,0,0,0,0,0,0,0,0,0,0,0,0,0,0,0,0,12.5,0,0,0,0,0,0,0,0,0,0,"ZP"
"46","ELE.M","3","3","4",21,"Anguilla anguilla","Anguillidae","ELE","M","European eel",16.7130062104948,33.4260124209896,53.2913074158983,73.1566024108071,15,596,111,43.358659918444,0,12,56,0,0,0,0,0,0,0,12,0,0,0,0,0,0,0,0,0,20,0,0,0,0,0,0,0,0,0,0,"CB"
"47","ELE.Sm","3","3","4",19,"Anguilla anguilla","Anguillidae","ELE","Sm","European eel",16.7130062104948,33.4260124209896,53.2913074158983,73.1566024108071,6,541,98,25.0695093157422,0,10,55,0,0,0,0,0,0,0,10,0,0,0,0,0,0,0,0,0,25,0,0,0,0,0,0,0,0,0,0,"CB"
"48","ESB.L","3","3","4",21,"Dicentrarchus labrax","Moronidae","ESB","L","European seabass",15.6374886092506,31.2749772185013,52.8032359124718,74.3314946064423,2,7262,1066,74.3314946064423,0,4.34782608695652,34.7826086956522,0,0,0,0,0,0,0,43.4782608695652,0,2.17391304347826,0,0,0,0,0,0,0,13.0434782608696,0,0,0,2.17391304347826,0,0,0,0,0,0,"CB"
"49","ESB.Lv","3","3","4",15,"Dicentrarchus labrax","Moronidae","ESB","Lv","European seabass",15.6374886092506,31.2749772185013,52.8032359124718,74.3314946064423,3,4076,1280,3,0,11.7647058823529,64.7058823529412,0,0,0,0,0,0,0,5.88235294117647,0,0,0,0,0,0,0,0,0,17.6470588235294,0,0,0,0,0,0,0,0,0,0,"CB"
"50","ESB.M","3","3","4",21,"Dicentrarchus labrax","Moronidae","ESB","M","European seabass",15.6374886092506,31.2749772185013,52.8032359124718,74.3314946064423,6,9861,1331,42.0391065654865,0,4.08163265306122,32.6530612244898,0,0,0,0,0,0,0,42.8571428571429,0,4.08163265306122,0,0,0,0,0,0,0,14.2857142857143,0,0,0,2.04081632653061,0,0,0,0,0,0,"CB"
"51","ESB.S","3","3","4",18,"Dicentrarchus labrax","Moronidae","ESB","S","European seabass",15.6374886092506,31.2749772185013,52.8032359124718,74.3314946064423,41,4282,1349,9.31874430462532,0,9.09090909090909,59.0909090909091,0,0,0,0,0,0,0,9.09090909090909,0,0,0,0,0,0,0,0,0,18.1818181818182,0,4.54545454545455,0,0,0,0,0,0,0,0,"CB"
"52","ESB.Sm","3","3","4",20,"Dicentrarchus labrax","Moronidae","ESB","Sm","European seabass",15.6374886092506,31.2749772185013,52.8032359124718,74.3314946064423,28,2843,418,23.456232913876,0,14.2857142857143,35.7142857142857,0,0,0,0,0,0,0,28.5714285714286,0,3.57142857142857,0,0,0,0,0,0,0,10.7142857142857,0,3.57142857142857,0,3.57142857142857,0,0,0,0,0,0,"CB"
"53","FLE.L","3","3","4",21,"Platichthys flesus","Pleuronectidae","FLE","L","Flounder (european)",10.6428454095235,21.285690819047,31.0936936417999,40.9016964645527,37,251,120,40.9016964645527,0,10.3448275862069,34.4827586206897,0,0,0,0,0,0,0,13.7931034482759,0,0,0,3.44827586206897,0,0,0,0,0,37.9310344827586,0,0,0,0,0,0,0,0,0,0,"CB"
"54","FLE.Lv","3","3","4",10,"Platichthys flesus","Pleuronectidae","FLE","Lv","Flounder (european)",10.6428454095235,21.285690819047,31.0936936417999,40.9016964645527,27,13480,784,3,0,26.6666666666667,40,0,0,0,0,0,0,0,6.66666666666667,0,0,0,0,0,0,6.66666666666667,0,0,13.3333333333333,0,6.66666666666667,0,0,0,0,0,0,0,0,"CB"
"55","FLE.M","3","3","4",19,"Platichthys flesus","Pleuronectidae","FLE","M","Flounder (european)",10.6428454095235,21.285690819047,31.0936936417999,40.9016964645527,77,2571,816,26.1896922304234,0,19.5652173913043,36.9565217391304,0,0,0,2.17391304347826,0,0,0,13.0434782608696,0,0,2.17391304347826,2.17391304347826,0,0,0,0,0,21.7391304347826,0,2.17391304347826,0,0,0,0,0,0,0,0,"CB"
"56","FLE.S","3","3","4",20,"Platichthys flesus","Pleuronectidae","FLE","S","Flounder (european)",10.6428454095235,21.285690819047,31.0936936417999,40.9016964645527,82,3672,1240,6.82142270476175,0,28,52,0,0,0,0,0,0,0,4,0,0,0,0,0,0,0,0,0,12,0,4,0,0,0,0,0,0,0,0,"CB"
"57","FLE.Sm","3","3","4",21,"Platichthys flesus","Pleuronectidae","FLE","Sm","Flounder (european)",10.6428454095235,21.285690819047,31.0936936417999,40.9016964645527,95,3231,1241,15.9642681142853,0,25.5813953488372,41.8604651162791,0,0,0,0,0,0,0,11.6279069767442,0,0,2.32558139534884,0,0,0,0,0,0,13.953488372093,0,2.32558139534884,0,0,0,0,0,0,0,2.32558139534884,"CB"
"58","FRR.S","3","3","6",7,"Enchelyopus cimbrius","Lotidae","FRR","S","Four-bearded rockling",11.8235284381705,23.647056876341,30.4493819930423,37.2517071097436,1,2092,109,7.41176421908525,0,10,80,0,0,0,0,0,0,0,0,0,0,0,0,0,0,0,0,0,10,0,0,0,0,0,0,0,0,0,0,"GB"
"59","FRR.Sm","3","3","6",16,"Enchelyopus cimbrius","Lotidae","FRR","Sm","Four-bearded rockling",11.8235284381705,23.647056876341,30.4493819930423,37.2517071097436,23,2141,131,17.7352926572558,0,5,80,0,0,0,0,0,0,0,5,0,0,0,0,0,0,0,0,0,10,0,0,0,0,0,0,0,0,0,0,"GB"
"60","FVR.S","3","3","6",21,"Ciliata mustela","Lotidae","FVR","S","Five-bearded rockling",19.3287295808958,38.6574591617917,51.7616462239187,64.8658332860457,42,1907,139,11.1643647904479,0,8.82352941176471,70.5882352941177,0,0,0,0,0,0,0,5.88235294117647,0,0,0,0,0,0,0,0,0,11.7647058823529,0,2.94117647058824,0,0,0,0,0,0,0,0,"GB"
"61","FVR.Sm","3","3","6",14,"Ciliata mustela","Lotidae","FVR","Sm","Five-bearded rockling",19.3287295808958,38.6574591617917,51.7616462239187,64.8658332860457,6,1672,96,28.9930943713438,0,5.26315789473684,73.6842105263158,0,0,0,0,0,0,0,5.26315789473684,0,0,0,0,0,0,0,0,0,10.5263157894737,0,5.26315789473684,0,0,0,0,0,0,0,0,"GB"
"62","GAG.S","2","4","5",11,"Galeorhinus galeus","Triakidae","GAG","S","Tope shark",65.3222066483395,130.644413296679,152.927136503473,175.209859710268,19,82,36,34.1611033241698,0,7.69230769230769,30.7692307692308,0,0,0,0,0,0,0,61.5384615384615,0,0,0,0,0,0,0,0,0,0,0,0,0,0,0,0,0,0,0,0,"PI"
"63","GAG.Sm","2","4","5",21,"Galeorhinus galeus","Triakidae","GAG","Sm","Tope shark",65.3222066483395,130.644413296679,152.927136503473,175.209859710268,41,178,54,97.9833099725093,0,4.16666666666667,20.8333333333333,0,0,0,0,0,0,0,45.8333333333333,0,4.16666666666667,4.16666666666667,0,0,0,0,0,0,20.8333333333333,0,0,0,0,0,0,0,0,0,0,"PI"
"64","GAR.L","1","1","1",12,"Belone belone","Belonidae","GAR","L","Garfish",11.1826067629713,22.3652135259427,32.3919290298266,42.4186445337106,5,10086,1281,42.4186445337106,0,2,74,0,0,0,0,0,0,0,20,0,0,0,0,0,0,0,0,0,2,0,0,0,2,0,0,0,0,0,0,"GP"
"65","GAR.Lv","1","1","2",8,"Belone belone","Belonidae","GAR","Lv","Garfish",11.1826067629713,22.3652135259427,32.3919290298266,42.4186445337106,6,250,76,3,0,0,66.6666666666667,0,0,0,0,0,0,0,8.33333333333333,0,0,0,0,8.33333333333333,0,0,0,0,8.33333333333333,0,0,0,8.33333333333333,0,0,0,0,0,0,"ZP"
"66","GAR.S","1","1","2",4,"Belone belone","Belonidae","GAR","S","Garfish",11.1826067629713,22.3652135259427,32.3919290298266,42.4186445337106,3,244,60,7.09130338148567,0,0,71.4285714285714,0,0,0,0,0,0,0,0,0,0,0,0,14.2857142857143,0,0,0,0,14.2857142857143,0,0,0,0,0,0,0,0,0,0,"ZP"
"67","GDY.S","3","3","6",2,"Ctenolabrus rupestris","Labridae","GDY","S","Goldsinny",5.05549957841455,10.1109991568291,13.832322874183,17.553646591537,15,27,35,4.02774978920728,0,0,40,0,0,0,0,0,0,0,0,0,0,0,0,0,40,0,0,0,0,0,0,0,20,0,0,0,0,0,0,"GB"
"68","GOB.L","3","3","6",9,"Gobiidae","Gobiidae","GOB","L","Goby",3.39628941117544,6.79257882235088,9.91235251649219,13.0321262106335,22,3847,535,13.0321262106335,0,11.1111111111111,38.8888888888889,0,0,0,0,0,0,0,5.55555555555556,0,5.55555555555556,0,5.55555555555556,0,5.55555555555556,0,0,0,11.1111111111111,0,0,0,5.55555555555556,0,0,5.55555555555556,0,5.55555555555556,0,"GB"
"69","GOB.Lv","1","1","2",15,"Gobiidae","Gobiidae","GOB","Lv","Goby",3.39628941117544,6.79257882235088,9.91235251649219,13.0321262106335,27,632,138,3,0,5.26315789473684,73.6842105263158,0,0,0,0,0,0,0,5.26315789473684,0,0,0,0,0,0,0,0,0,5.26315789473684,0,0,0,10.5263157894737,0,0,0,0,0,0,"ZP"
"70","GOB.M","3","3","4",20,"Gobiidae","Gobiidae","GOB","M","Goby",3.39628941117544,6.79257882235088,9.91235251649219,13.0321262106335,31,3978,595,8.35246566942153,0,10,60,0,0,0,0,0,0,0,3.33333333333333,0,3.33333333333333,0,3.33333333333333,0,3.33333333333333,0,0,0,6.66666666666667,0,0,0,3.33333333333333,0,0,3.33333333333333,0,3.33333333333333,0,"CB"
"71","GOB.S","1","1","2",13,"Gobiidae","Gobiidae","GOB","S","Goby",3.39628941117544,6.79257882235088,9.91235251649219,13.0321262106335,24,36333,1695,3.19814470558772,0,5.88235294117647,64.7058823529412,0,0,0,0,0,0,5.88235294117647,0,0,0,0,5.88235294117647,0,0,0,0,0,11.7647058823529,0,0,0,5.88235294117647,0,0,0,0,0,0,"ZP"
"72","GOB.Sm","1","1","2",21,"Gobiidae","Gobiidae","GOB","Sm","Goby",3.39628941117544,6.79257882235088,9.91235251649219,13.0321262106335,72,49667,2976,5.09443411676316,0,7.54716981132075,66.0377358490566,0,0,0,0,0,0,1.88679245283019,3.77358490566038,0,0,0,1.88679245283019,0,1.88679245283019,0,0,0,13.2075471698113,0,0,1.88679245283019,1.88679245283019,0,0,0,0,0,0,"ZP"
"73","GUG.L","2","4","5",21,"Eutrigla gurnardus","Triglidae","GUG","L","Grey gurnard",12.145303956506,24.290607913012,30.6207110387363,36.9508141644605,701,26073,2113,36.9508141644605,0,3.03030303030303,45.4545454545455,0,0,0,0,0,0,0,33.3333333333333,0,0,1.51515151515152,3.03030303030303,0,0,0,0,0,10.6060606060606,0,1.51515151515152,1.51515151515152,0,0,0,0,0,0,0,"PI"
"74","GUG.M","2","4","5",21,"Eutrigla gurnardus","Triglidae","GUG","M","Grey gurnard",12.145303956506,24.290607913012,30.6207110387363,36.9508141644605,1943,130750,9023,27.4556594758741,0,8.43373493975904,44.578313253012,0,0,0,0,0,0,0,30.1204819277108,0,0,0,3.6144578313253,1.20481927710843,0,0,0,0,9.63855421686747,0,1.20481927710843,1.20481927710843,0,0,0,0,0,0,0,"PI"
"75","GUG.S","2","4","5",21,"Eutrigla gurnardus","Triglidae","GUG","S","Grey gurnard",12.145303956506,24.290607913012,30.6207110387363,36.9508141644605,154,7934,629,7.572651978253,0,6.45161290322581,58.0645161290323,0,0,0,0,0,0,0,25.8064516129032,0,0,0,0,0,0,0,0,0,6.45161290322581,0,3.2258064516129,0,0,0,0,0,0,0,0,"PI"
"76","GUG.Sm","2","4","5",21,"Eutrigla gurnardus","Triglidae","GUG","Sm","Grey gurnard",12.145303956506,24.290607913012,30.6207110387363,36.9508141644605,2637,136099,10822,18.217955934759,0,6.94444444444444,44.4444444444444,0,0,0,0,0,0,0,31.9444444444444,0,0,0,2.77777777777778,1.38888888888889,0,0,0,0,11.1111111111111,0,1.38888888888889,0,0,0,0,0,0,0,0,"PI"
"77","GUR.L","2","2","3",20,"Chelidonichthys cuculus","Triglidae","GUR","L","Red gurnard",11.4115078117006,22.8230156234011,28.6286547989102,34.4342939744194,105,898,367,34.4342939744194,0,2.4390243902439,58.5365853658537,0,0,2.4390243902439,0,0,0,0,21.9512195121951,0,4.8780487804878,0,0,0,0,0,0,0,7.31707317073171,0,2.4390243902439,0,0,0,0,0,0,0,0,"ZB"
"78","GUR.M","2","2","3",21,"Chelidonichthys cuculus","Triglidae","GUR","M","Red gurnard",11.4115078117006,22.8230156234011,28.6286547989102,34.4342939744194,98,1244,399,25.7258352111557,0,2.5,55,0,0,2.5,0,0,0,0,22.5,0,5,0,0,0,0,0,0,0,10,0,2.5,0,0,0,0,0,0,0,0,"ZB"
"79","GUR.S","2","2","3",15,"Chelidonichthys cuculus","Triglidae","GUR","S","Red gurnard",11.4115078117006,22.8230156234011,28.6286547989102,34.4342939744194,12,293,98,7.20575390585028,0,5.55555555555556,72.2222222222222,0,0,0,0,0,0,0,16.6666666666667,0,0,0,0,0,0,0,0,0,5.55555555555556,0,0,0,0,0,0,0,0,0,0,"ZB"
"80","GUR.Sm","2","2","3",21,"Chelidonichthys cuculus","Triglidae","GUR","Sm","Red gurnard",11.4115078117006,22.8230156234011,28.6286547989102,34.4342939744194,156,1269,329,17.1172617175508,0,2.94117647058824,64.7058823529412,0,0,0,0,0,0,0,20.5882352941176,0,0,0,0,0,0,0,0,0,8.82352941176471,0,2.94117647058824,0,0,0,0,0,0,0,0,"ZB"
"81","HAD.L","3","3","7",20,"Melanogrammus aeglefinus","Gadidae","HAD","L","Haddock",17.5519704102543,35.1039408205086,51.7020148874107,68.3000889543129,1277,30490,1974,68.3000889543129,0,16.6666666666667,29.3103448275862,0,0,0,1.14942528735632,0.574712643678161,0.574712643678161,0,10.9195402298851,0.574712643678161,4.02298850574713,1.72413793103448,9.77011494252874,0.574712643678161,0,0,0,0,20.1149425287356,0,1.14942528735632,0.574712643678161,0.574712643678161,0,0.574712643678161,0,0.574712643678161,0.574712643678161,0,"SB"
"82","HAD.Lv","1","1","2",11,"Melanogrammus aeglefinus","Gadidae","HAD","Lv","Haddock",17.5519704102543,35.1039408205086,51.7020148874107,68.3000889543129,43,739,83,3,0,0,71.4285714285714,0,0,0,0,0,0,0,21.4285714285714,0,0,0,0,0,0,0,0,0,7.14285714285714,0,0,0,0,0,0,0,0,0,0,"ZP"
"83","HAD.M","3","3","7",21,"Melanogrammus aeglefinus","Gadidae","HAD","M","Haddock",17.5519704102543,35.1039408205086,51.7020148874107,68.3000889543129,2662,337778,13758,43.4029778539597,0,14.1025641025641,31.1965811965812,0,0.427350427350427,0,0.854700854700855,0.854700854700855,0.427350427350427,0,11.965811965812,0.427350427350427,3.84615384615385,1.28205128205128,8.11965811965812,0.427350427350427,0.427350427350427,0,0,0,23.0769230769231,0,0.854700854700855,0.427350427350427,0.427350427350427,0,0,0.427350427350427,0,0.427350427350427,0,"SB"
"84","HAD.S","3","3","7",19,"Melanogrammus aeglefinus","Gadidae","HAD","S","Haddock",17.5519704102543,35.1039408205086,51.7020148874107,68.3000889543129,1841,219949,12287,10.2759852051271,0,16.0427807486631,42.7807486631016,0,0.53475935828877,0,1.06951871657754,0.53475935828877,0.53475935828877,0,8.02139037433155,0.53475935828877,0.53475935828877,0.53475935828877,6.95187165775401,0.53475935828877,0.53475935828877,0,0,0,18.1818181818182,0,1.06951871657754,0,1.06951871657754,0,0,0.53475935828877,0,0,0,"SB"
"85","HAD.Sm","3","3","7",21,"Melanogrammus aeglefinus","Gadidae","HAD","Sm","Haddock",17.5519704102543,35.1039408205086,51.7020148874107,68.3000889543129,4981,826878,36660,26.3279556153814,0,14.6825396825397,33.7301587301587,0,0.396825396825397,0,0.793650793650794,0.793650793650794,0.396825396825397,0,12.3015873015873,0.396825396825397,2.38095238095238,0.396825396825397,7.53968253968254,0.396825396825397,0.396825396825397,0,0,0,23.015873015873,0,0.793650793650794,0.396825396825397,0.793650793650794,0,0,0.396825396825397,0,0,0,"SB"
"86","HER.L","1","1","1",21,"Clupea harengus","Clupeidae","HER","L","Herring",12.6429940176064,25.2859880352128,27.7993627776942,30.3127375201757,1037,107244,1070,30.3127375201757,0,0,42.3076923076923,0,0,0,0,3.84615384615385,0,0,38.4615384615385,0,3.84615384615385,0,0,0,0,0,0,0,11.5384615384615,0,0,0,0,0,0,0,0,0,0,"GP"
"87","HER.Lv","1","1","2",15,"Clupea harengus","Clupeidae","HER","Lv","Herring",12.6429940176064,25.2859880352128,27.7993627776942,30.3127375201757,133,3604,3603,3,0,0,59.0909090909091,0,0,0,0,0,0,4.54545454545455,4.54545454545455,4.54545454545455,0,0,0,0,0,0,0,0,4.54545454545455,13.6363636363636,0,0,9.09090909090909,0,0,0,0,0,0,"ZP"
"88","HER.M","1","1","1",11,"Clupea harengus","Clupeidae","HER","M","Herring",12.6429940176064,25.2859880352128,27.7993627776942,30.3127375201757,58,576,91,26.5426754064535,0,0,28.5714285714286,0,0,0,0,7.14285714285714,0,0,57.1428571428571,0,0,0,0,0,0,0,0,0,7.14285714285714,0,0,0,0,0,0,0,0,0,0,"GP"
"89","HER.S","1","1","2",21,"Clupea harengus","Clupeidae","HER","S","Herring",12.6429940176064,25.2859880352128,27.7993627776942,30.3127375201757,119,176969.1,2863,7.8214970088032,0,2.04081632653061,63.265306122449,0,0,0,0,2.04081632653061,0,0,22.4489795918367,0,2.04081632653061,0,0,2.04081632653061,0,0,0,0,4.08163265306122,0,0,0,2.04081632653061,0,0,0,0,0,0,"ZP"
"90","HER.Sm","1","1","1",21,"Clupea harengus","Clupeidae","HER","Sm","Herring",12.6429940176064,25.2859880352128,27.7993627776942,30.3127375201757,479,518511,8625,18.9644910264096,0,5.55555555555556,53.7037037037037,0,0,0,0,1.85185185185185,0,0,20.3703703703704,0,1.85185185185185,0,1.85185185185185,1.85185185185185,0,0,0,0,5.55555555555556,0,1.85185185185185,0,5.55555555555556,0,0,0,0,0,0,"GP"
"91","HKE.L","2","4","5",20,"Merluccius merluccius","Merlucciidae","HKE","L","European hake",16.9844744807254,33.9689489614508,57.5703866270582,81.1718242926656,438,1523,748,81.1718242926656,0,0,29.2682926829268,0,0,0,0,0,0,0,53.6585365853659,0,0,0,7.31707317073171,0,0,0,0,0,4.8780487804878,0,2.4390243902439,0,2.4390243902439,0,0,0,0,0,0,"PI"
"92","HKE.M","2","4","5",21,"Merluccius merluccius","Merlucciidae","HKE","M","European hake",16.9844744807254,33.9689489614508,57.5703866270582,81.1718242926656,714,4485,10100,45.7696677942545,0,2.32558139534884,27.906976744186,0,0,0,0,0,0,0,53.4883720930233,0,0,0,6.97674418604651,0,0,0,0,0,6.97674418604651,0,2.32558139534884,0,0,0,0,0,0,0,0,"PI"
"93","HKE.S","2","4","5",11,"Merluccius merluccius","Merlucciidae","HKE","S","European hake",16.9844744807254,33.9689489614508,57.5703866270582,81.1718242926656,85,242,91,9.9922372403627,0,0,38.4615384615385,0,0,0,0,0,0,0,46.1538461538462,0,0,0,0,0,0,0,0,0,7.69230769230769,0,7.69230769230769,0,0,0,0,0,0,0,0,"PI"
"94","HKE.Sm","2","4","5",20,"Merluccius merluccius","Merlucciidae","HKE","Sm","European hake",16.9844744807254,33.9689489614508,57.5703866270582,81.1718242926656,397,691,485,25.4767117210881,0,3.84615384615385,26.9230769230769,0,0,0,0,0,0,0,50,0,0,0,3.84615384615385,0,0,0,0,0,11.5384615384615,0,3.84615384615385,0,0,0,0,0,0,0,0,"PI"
"95","HOM.L","2","4","5",21,"Trachurus trachurus","Carangidae","HOM","L","Horse-mackerel (scad)",9.8686476376485,19.737295275297,29.6933749255066,39.6494545757163,446,325290,2883,39.6494545757163,0,6,38,0,0,0,0,2,0,0,28,0,2,2,8,0,0,0,0,0,10,0,2,0,0,0,0,2,0,0,0,"PI"
"96","HOM.M","2","4","5",21,"Trachurus trachurus","Carangidae","HOM","M","Horse-mackerel (scad)",9.8686476376485,19.737295275297,29.6933749255066,39.6494545757163,301,279311,1955,24.7153351004018,0,6.66666666666667,40,0,0,0,0,0,0,0,31.1111111111111,0,2.22222222222222,2.22222222222222,6.66666666666667,0,0,0,0,0,6.66666666666667,0,2.22222222222222,0,0,0,0,2.22222222222222,0,0,0,"PI"
"97","HOM.S","1","1","2",10,"Trachurus trachurus","Carangidae","HOM","S","Horse-mackerel (scad)",9.8686476376485,19.737295275297,29.6933749255066,39.6494545757163,15,5193,44,6.43432381882425,0,0,76.9230769230769,0,0,0,0,7.69230769230769,0,0,7.69230769230769,0,0,0,0,0,0,0,0,0,7.69230769230769,0,0,0,0,0,0,0,0,0,0,"ZP"
"98","HOM.Sm","1","1","1",15,"Trachurus trachurus","Carangidae","HOM","Sm","Horse-mackerel (scad)",9.8686476376485,19.737295275297,29.6933749255066,39.6494545757163,52,28435,253,14.8029714564728,0,0,47.3684210526316,0,0,0,0,5.26315789473684,0,0,36.8421052631579,0,0,0,0,0,0,0,0,0,5.26315789473684,0,5.26315789473684,0,0,0,0,0,0,0,0,"GP"
"99","JOD.L","2","4","5",6,"Zeus faber","Zeidae","JOD","L","John dory",16.8401558208332,33.6803116416664,43.8594211260172,54.0385306103679,36,56,36,54.0385306103679,0,0,0,0,0,0,0,0,0,0,100,0,0,0,0,0,0,0,0,0,0,0,0,0,0,0,0,0,0,0,0,"PI"
"100","JOD.M","2","4","5",5,"Zeus faber","Zeidae","JOD","M","John dory",16.8401558208332,33.6803116416664,43.8594211260172,54.0385306103679,54,63,54,38.7698663838418,0,0,0,0,0,0,0,0,0,0,100,0,0,0,0,0,0,0,0,0,0,0,0,0,0,0,0,0,0,0,0,"PI"
"101","JOD.S","2","4","5",5,"Zeus faber","Zeidae","JOD","S","John dory",16.8401558208332,33.6803116416664,43.8594211260172,54.0385306103679,13,77,57,9.9200779104166,0,0,50,0,0,0,0,0,0,0,50,0,0,0,0,0,0,0,0,0,0,0,0,0,0,0,0,0,0,0,0,"PI"
"102","JOD.Sm","2","4","5",10,"Zeus faber","Zeidae","JOD","Sm","John dory",16.8401558208332,33.6803116416664,43.8594211260172,54.0385306103679,91,171,118,25.2602337312498,0,0,23.0769230769231,0,0,0,0,0,0,0,61.5384615384615,0,0,0,0,0,0,0,0,0,15.3846153846154,0,0,0,0,0,0,0,0,0,0,"PI"
"103","LBI.M","2","2","3",8,"Lepidorhombus boscii","Scophthalmidae","LBI","M","Four spot megrim",7.95957980673505,15.9191596134701,26.5887917618646,37.2584239102591,57,141,57,21.2539756876673,0,18.1818181818182,63.6363636363636,0,0,0,0,0,0,0,9.09090909090909,0,0,0,0,0,0,0,0,0,9.09090909090909,0,0,0,0,0,0,0,0,0,0,"ZB"
"104","LEM.L","3","3","6",21,"Microstomus kitt","Pleuronectidae","LEM","L","Lemon sole",13.2725981061615,26.5451962123231,32.5479628688775,38.550729525432,98,650,343,38.550729525432,0,47.0588235294118,20.5882352941176,0,0,2.94117647058824,0,0,0,0,0,0,11.7647058823529,0,2.94117647058824,0,0,0,0,0,14.7058823529412,0,0,0,0,0,0,0,0,0,0,"GB"
"105","LEM.Lv","1","1","2",12,"Microstomus kitt","Pleuronectidae","LEM","Lv","Lemon sole",13.2725981061615,26.5451962123231,32.5479628688775,38.550729525432,6,379,139,3,0,0,64.2857142857143,0,0,0,0,0,0,0,14.2857142857143,0,0,0,0,0,0,0,0,0,0,7.14285714285714,0,0,14.2857142857143,0,0,0,0,0,0,"ZP"
"106","LEM.M","3","3","6",21,"Microstomus kitt","Pleuronectidae","LEM","M","Lemon sole",13.2725981061615,26.5451962123231,32.5479628688775,38.550729525432,81,818,381,29.5465795406003,0,40,27.5,0,0,2.5,0,0,0,0,2.5,0,10,0,2.5,0,0,0,0,0,15,0,0,0,0,0,0,0,0,0,0,"GB"
"107","LEM.Sm","3","3","6",20,"Microstomus kitt","Pleuronectidae","LEM","Sm","Lemon sole",13.2725981061615,26.5451962123231,32.5479628688775,38.550729525432,120,747,347,19.9088971592423,0,32.1428571428571,28.5714285714286,0,0,0,0,0,0,0,7.14285714285714,0,3.57142857142857,0,3.57142857142857,0,3.57142857142857,0,0,0,17.8571428571429,0,0,0,3.57142857142857,0,0,0,0,0,0,"GB"
"108","LIN.Lv","1","1","2",8,"Molva molva","Lotidae","LIN","Lv","Common ling",42.058222382435,84.1164447648701,115.758054431486,147.399664098101,6,224,48,3,0,0,100,0,0,0,0,0,0,0,0,0,0,0,0,0,0,0,0,0,0,0,0,0,0,0,0,0,0,0,0,"ZP"
"109","LIN.Sm","2","4","5",9,"Molva molva","Lotidae","LIN","Sm","Common ling",42.058222382435,84.1164447648701,115.758054431486,147.399664098101,30,50,45,63.0873335736526,0,0,54.5454545454545,0,0,0,0,0,0,0,45.4545454545455,0,0,0,0,0,0,0,0,0,0,0,0,0,0,0,0,0,0,0,0,"PI"
"110","LPE.M","3","3","6",15,"Lepidion eques","Moridae","LPE","M","Morid cod",13.7630881393299,27.5261762786598,34.9238368667067,42.3214974547536,1,5308,1281,31.2250065726832,0,5,80,0,0,0,0,0,0,0,5,0,0,0,0,0,0,0,0,0,5,0,5,0,0,0,0,0,0,0,0,"GB"
"111","LPE.Sm","3","3","6",15,"Lepidion eques","Moridae","LPE","Sm","Morid cod",13.7630881393299,27.5261762786598,34.9238368667067,42.3214974547536,1,5308,1281,20.6446322089948,0,5,80,0,0,0,0,0,0,0,5,0,0,0,0,0,0,0,0,0,5,0,5,0,0,0,0,0,0,0,0,"GB"
"112","LSD.L","2","4","5",21,"Scyliorhinus canicula","Scyliorhinidae","LSD","L","Lesser spotted dogfish",23.5122675235739,47.0245350471477,61.6649151030075,76.3052951588674,200,1585,619,76.3052951588674,0,7.93650793650794,38.0952380952381,0,0,0,0,0,0,0,33.3333333333333,0,1.58730158730159,0,1.58730158730159,0,0,0,0,0,14.2857142857143,0,0,0,3.17460317460317,0,0,0,0,0,0,"PI"
"113","LSD.M","2","4","5",21,"Scyliorhinus canicula","Scyliorhinidae","LSD","M","Lesser spotted dogfish",23.5122675235739,47.0245350471477,61.6649151030075,76.3052951588674,272,2360,938,54.3447250750776,0,11.1111111111111,38.8888888888889,0,0,0,0,0,0,0,30.5555555555556,0,1.38888888888889,0,1.38888888888889,0,0,0,0,0,15.2777777777778,0,0,0,1.38888888888889,0,0,0,0,0,0,"PI"
"114","LSD.Sm","2","4","5",21,"Scyliorhinus canicula","Scyliorhinidae","LSD","Sm","Lesser spotted dogfish",23.5122675235739,47.0245350471477,61.6649151030075,76.3052951588674,253,1270,484,35.2684012853608,0,10,52,0,0,0,0,0,0,0,20,0,2,0,2,0,0,0,0,0,14,0,0,0,0,0,0,0,0,0,0,"PI"
"115","LSS.L","3","3","6",21,"Argentina sphyraena","Argentinidae","LSS","L","Lsr silver smelt",7.86439786435085,15.7287957287017,18.9430670906052,22.1573384525086,33,8225,262,22.1573384525086,0,26.5625,35.9375,0,0,0,1.5625,1.5625,0,0,4.6875,0,4.6875,0,4.6875,0,0,0,0,0,17.1875,0,0,1.5625,0,0,0,0,0,1.5625,0,"GB"
"116","LSS.M","3","3","6",21,"Argentina sphyraena","Argentinidae","LSS","M","Lsr silver smelt",7.86439786435085,15.7287957287017,18.9430670906052,22.1573384525086,18,8154,247,17.3359314096534,0,28.0701754385965,35.0877192982456,0,0,0,1.75438596491228,1.75438596491228,0,0,5.26315789473684,0,5.26315789473684,0,1.75438596491228,0,0,0,0,0,17.5438596491228,0,0,1.75438596491228,0,0,0,0,0,1.75438596491228,0,"GB"
"117","MAC.L","1","1","1",21,"Scomber scombrus","Scombridae","MAC","L","(european) mackerel",14.43342088996,28.86684177992,35.0572888883949,41.2477359968697,2246,13871350,5342,41.2477359968697,0,3.65853658536585,42.6829268292683,0,0,1.21951219512195,0,2.4390243902439,1.21951219512195,1.21951219512195,19.5121951219512,0,4.8780487804878,2.4390243902439,2.4390243902439,0,1.21951219512195,0,0,1.21951219512195,12.1951219512195,0,2.4390243902439,0,1.21951219512195,0,0,0,0,0,0,"GP"
"118","MAC.M","1","1","1",21,"Scomber scombrus","Scombridae","MAC","M","(european) mackerel",14.43342088996,28.86684177992,35.0572888883949,41.2477359968697,2468,19998743,8482,31.9620653341574,0,5.10204081632653,41.8367346938776,0,0,1.02040816326531,0,2.04081632653061,1.02040816326531,1.02040816326531,22.4489795918367,0,3.06122448979592,2.04081632653061,2.04081632653061,0,1.02040816326531,0,0,1.02040816326531,11.2244897959184,0,1.02040816326531,0,2.04081632653061,0,0,1.02040816326531,1.02040816326531,0,0,"GP"
"119","MAC.Sm","1","1","1",21,"Scomber scombrus","Scombridae","MAC","Sm","(european) mackerel",14.43342088996,28.86684177992,35.0572888883949,41.2477359968697,898,5172894,2731,21.65013133494,0,3.75,42.5,0,0,0,0,1.25,1.25,1.25,23.75,1.25,1.25,1.25,2.5,0,1.25,0,0,1.25,12.5,0,2.5,0,1.25,0,1.25,0,0,0,0,"GP"
"120","MBY.S","3","3","6",4,"Coryphoblennius galerita","Blenniidae","MBY","S","Montague's blenny",6.16454986095425,12.3290997219085,17.2603585882979,22.1916174546873,17,3989,892,4.58227493047712,0,7.14285714285714,35.7142857142857,0,0,0,0,0,0,0,7.14285714285714,0,7.14285714285714,0,7.14285714285714,7.14285714285714,7.14285714285714,0,0,0,7.14285714285714,0,0,0,7.14285714285714,0,0,7.14285714285714,0,0,0,"GB"
"121","MBY.Sm","3","3","6",2,"Coryphoblennius galerita","Blenniidae","MBY","Sm","Montague's blenny",6.16454986095425,12.3290997219085,17.2603585882979,22.1916174546873,8,1342,282,9.24682479143138,0,9.09090909090909,27.2727272727273,0,0,0,0,0,0,0,9.09090909090909,0,9.09090909090909,0,9.09090909090909,0,9.09090909090909,0,0,0,9.09090909090909,0,0,0,9.09090909090909,0,0,9.09090909090909,0,0,0,"GB"
"122","MEG.L","2","4","5",21,"Lepidorhombus whiffiagonis","Scophthalmidae","MEG","L","Megrim",10.1249843581191,20.2499687162381,35.7375134727176,51.225058229197,833,1458,860,51.225058229197,0,4.16666666666667,39.5833333333333,0,0,0,0,0,0,0,37.5,0,0,0,2.08333333333333,0,0,0,0,0,14.5833333333333,0,2.08333333333333,0,0,0,0,0,0,0,0,"PI"
"123","MEG.M","2","4","5",21,"Lepidorhombus whiffiagonis","Scophthalmidae","MEG","M","Megrim",10.1249843581191,20.2499687162381,35.7375134727176,51.225058229197,778,1380,838,27.9937410944778,0,5.76923076923077,40.3846153846154,0,0,0,0,0,0,0,36.5384615384615,0,1.92307692307692,0,0,0,0,0,0,0,13.4615384615385,0,1.92307692307692,0,0,0,0,0,0,0,0,"PI"
"124","MEG.Sm","2","4","5",21,"Lepidorhombus whiffiagonis","Scophthalmidae","MEG","Sm","Megrim",10.1249843581191,20.2499687162381,35.7375134727176,51.225058229197,140,288,184,15.1874765371786,0,4,44,0,0,0,0,0,0,0,40,0,0,0,0,0,0,0,0,0,8,0,4,0,0,0,0,0,0,0,0,"PI"
"125","MON.M","2","4","5",19,"Lophius piscatorius","Lophiidae","MON","M","Anglerfish (monk)",26.5173734862337,53.0347469724674,96.0037071247412,138.972667277015,146,351,207,74.5192270486043,0,0,13.0434782608696,0,0,0,0,0,0,0,56.5217391304348,0,4.34782608695652,0,0,0,0,0,0,0,17.3913043478261,0,4.34782608695652,0,4.34782608695652,0,0,0,0,0,0,"PI"
"126","MON.S","2","4","5",17,"Lophius piscatorius","Lophiidae","MON","S","Anglerfish (monk)",26.5173734862337,53.0347469724674,96.0037071247412,138.972667277015,175,368,291,14.7586867431169,0,0,14.2857142857143,0,0,0,0,0,0,0,71.4285714285714,0,0,0,0,0,0,0,0,0,9.52380952380952,0,4.76190476190476,0,0,0,0,0,0,0,0,"PI"
"127","MON.Sm","2","4","5",21,"Lophius piscatorius","Lophiidae","MON","Sm","Anglerfish (monk)",26.5173734862337,53.0347469724674,96.0037071247412,138.972667277015,340,745,633,39.7760602293505,0,2.94117647058824,20.5882352941176,0,0,0,0,0,0,0,61.7647058823529,0,0,0,0,0,0,0,0,0,11.7647058823529,0,2.94117647058824,0,0,0,0,0,0,0,0,"PI"
"128","MUR.L","2","2","3",8,"Mullus surmuletus","Mullidae","MUR","L","Red mullet",8.05348493830955,16.1069698766191,23.5908236241261,31.0746773716331,33,117,33,31.0746773716331,0,8.33333333333333,66.6666666666667,0,0,0,0,0,0,0,0,0,0,0,8.33333333333333,0,0,0,0,0,16.6666666666667,0,0,0,0,0,0,0,0,0,0,"ZB"
"129","MYX.Lv","1","1","2",5,"Myctophidae","Myctophidae","MYX","Lv","Lantern fishes",2.85628852411534,5.71257704823068,7.5869344656335,9.46129188303633,1,35,36,3,0,0,100,0,0,0,0,0,0,0,0,0,0,0,0,0,0,0,0,0,0,0,0,0,0,0,0,0,0,0,0,"ZP"
"130","NOP.L","1","1","1",21,"Trisopterus esmarkii","Gadidae","NOP","L","Norway pout",7.0084455959358,14.0168911918716,17.9876439165247,21.9583966411779,60,171453,1099,21.9583966411779,0,3.57142857142857,60.7142857142857,0,0,0,0,3.57142857142857,0,0,17.8571428571429,0,0,0,3.57142857142857,0,0,0,0,0,3.57142857142857,0,3.57142857142857,3.57142857142857,0,0,0,0,0,0,0,"GP"
"131","NOP.Lv","1","1","1",3,"Trisopterus esmarkii","Gadidae","NOP","Lv","Norway pout",7.0084455959358,14.0168911918716,17.9876439165247,21.9583966411779,30,105,30,3,0,0,100,0,0,0,0,0,0,0,0,0,0,0,0,0,0,0,0,0,0,0,0,0,0,0,0,0,0,0,0,"GP"
"132","NOP.M","1","1","1",21,"Trisopterus esmarkii","Gadidae","NOP","M","Norway pout",7.0084455959358,14.0168911918716,17.9876439165247,21.9583966411779,109,148935,1679,16.0022675541982,0,2.94117647058824,58.8235294117647,0,0,0,0,5.88235294117647,0,0,17.6470588235294,0,0,2.94117647058824,2.94117647058824,0,0,0,0,0,2.94117647058824,0,2.94117647058824,2.94117647058824,0,0,0,0,0,0,0,"GP"
"133","NOP.S","1","1","1",21,"Trisopterus esmarkii","Gadidae","NOP","S","Norway pout",7.0084455959358,14.0168911918716,17.9876439165247,21.9583966411779,159,44769,762,5.0042227979679,0,3.7037037037037,62.962962962963,0,0,0,0,3.7037037037037,0,0,18.5185185185185,0,0,0,0,0,0,0,0,0,3.7037037037037,0,3.7037037037037,3.7037037037037,0,0,0,0,0,0,0,"GP"
"134","NOP.Sm","1","1","1",21,"Trisopterus esmarkii","Gadidae","NOP","Sm","Norway pout",7.0084455959358,14.0168911918716,17.9876439165247,21.9583966411779,97,104912,2022,10.5126683939037,0,3.84615384615385,61.5384615384615,0,0,0,0,3.84615384615385,0,0,19.2307692307692,0,0,0,0,0,0,0,0,0,3.84615384615385,0,3.84615384615385,3.84615384615385,0,0,0,0,0,0,0,"GP"
"135","PIL.Lv","1","1","2",4,"Sardina pilchardus","Clupeidae","PIL","Lv","Pilchard",6.96975019081335,13.9395003816267,17.1010304470428,20.2625605124589,12,39,40,3,0,0,100,0,0,0,0,0,0,0,0,0,0,0,0,0,0,0,0,0,0,0,0,0,0,0,0,0,0,0,0,"ZP"
"136","PLA.L","3","3","6",7,"Hippoglossoides platessoides","Pleuronectidae","PLA","L","American plaice (lr dab)",15.9650190757918,31.9300381515836,47.2545015930864,62.5789650345892,2,136,35,62.5789650345892,0,20,40,0,0,0,0,0,0,0,10,0,0,0,0,0,0,0,0,0,30,0,0,0,0,0,0,0,0,0,0,"GB"
"137","PLA.M","3","3","6",8,"Hippoglossoides platessoides","Pleuronectidae","PLA","M","American plaice (lr dab)",15.9650190757918,31.9300381515836,47.2545015930864,62.5789650345892,4,138,37,39.592269872335,0,16.6666666666667,33.3333333333333,0,0,0,0,0,0,0,16.6666666666667,0,0,0,8.33333333333333,0,0,0,0,0,25,0,0,0,0,0,0,0,0,0,0,"GB"
"138","PLA.S","3","3","6",18,"Hippoglossoides platessoides","Pleuronectidae","PLA","S","American plaice (lr dab)",15.9650190757918,31.9300381515836,47.2545015930864,62.5789650345892,28,934,182,9.4825095378959,0,4.65116279069767,58.1395348837209,0,0,0,0,0,0,0,11.6279069767442,0,0,0,9.30232558139535,0,4.65116279069767,0,0,0,9.30232558139535,0,2.32558139534884,0,0,0,0,0,0,0,0,"GB"
"139","PLA.Sm","2","4","5",20,"Hippoglossoides platessoides","Pleuronectidae","PLA","Sm","American plaice (lr dab)",15.9650190757918,31.9300381515836,47.2545015930864,62.5789650345892,299,4997,1949,23.9475286136877,0,9.09090909090909,49.3506493506493,0,0,0,0,0,0,0,19.4805194805195,0,0,0,7.79220779220779,0,0,0,0,0,12.987012987013,0,1.2987012987013,0,0,0,0,0,0,0,0,"PI"
"140","PLE.L","3","3","7",21,"Pleuronectes platessa","Pleuronectidae","PLE","L","European plaice",12.283966173619,24.5679323472381,39.3677143721879,54.1674963971377,564,30381,3745,54.1674963971377,0,20.2127659574468,26.5957446808511,0,0,1.06382978723404,1.06382978723404,0,0,0,8.51063829787234,0,5.31914893617021,0,9.57446808510638,0,0,0,0,0,26.5957446808511,0,0,1.06382978723404,0,0,0,0,0,0,0,"SB"
"141","PLE.Lv","3","3","4",21,"Pleuronectes platessa","Pleuronectidae","PLE","Lv","European plaice",12.283966173619,24.5679323472381,39.3677143721879,54.1674963971377,97,41783,2454,3,0,18.75,58.3333333333333,0,0,0,0,0,0,0,4.16666666666667,0,0,2.08333333333333,0,0,0,0,0,0,14.5833333333333,0,2.08333333333333,0,0,0,0,0,0,0,0,"CB"
"142","PLE.M","3","3","7",21,"Pleuronectes platessa","Pleuronectidae","PLE","M","European plaice",12.283966173619,24.5679323472381,39.3677143721879,54.1674963971377,1982,48036,10318,31.967823359713,0,23.8095238095238,26.1904761904762,0,0,0.793650793650794,0.793650793650794,0,0,0,8.73015873015873,0,3.96825396825397,0.793650793650794,8.73015873015873,0,0,0,0,0,22.2222222222222,0,0.793650793650794,0.793650793650794,0,0.793650793650794,0.793650793650794,0,0,0.793650793650794,0,"SB"
"143","PLE.S","3","3","4",20,"Pleuronectes platessa","Pleuronectidae","PLE","S","European plaice",12.283966173619,24.5679323472381,39.3677143721879,54.1674963971377,237,36090,5128,7.64198308680952,0,22.3214285714286,37.5,0,0,0,0,0,0,0.892857142857143,3.57142857142857,0,2.67857142857143,0.892857142857143,6.25,0,0.892857142857143,0,0,0,17.8571428571429,0,0.892857142857143,0.892857142857143,4.46428571428571,0,0,0.892857142857143,0,0,0,"CB"
"144","PLE.Sm","3","3","7",21,"Pleuronectes platessa","Pleuronectidae","PLE","Sm","European plaice",12.283966173619,24.5679323472381,39.3677143721879,54.1674963971377,949,18387,8283,18.4259492604286,0,23.3576642335766,27.7372262773723,0,0,0.72992700729927,0,0,0,0.72992700729927,6.56934306569343,0,3.64963503649635,0,7.2992700729927,0,0,0,0,0,21.8978102189781,0,0.72992700729927,0.72992700729927,4.37956204379562,0.72992700729927,0.72992700729927,0,0,0.72992700729927,0,"SB"
"145","POD.L","2","2","3",21,"Trisopterus minutus","Gadidae","POD","L","Poor cod",6.8133960982373,13.6267921964746,18.8408825728649,24.0549729492552,147,44096,613,24.0549729492552,0,11.9047619047619,52.3809523809524,0,0,0,0,2.38095238095238,0,0,19.047619047619,0,0,0,0,0,0,0,0,0,9.52380952380952,0,2.38095238095238,2.38095238095238,0,0,0,0,0,0,0,"ZB"
"146","POD.M","2","2","3",21,"Trisopterus minutus","Gadidae","POD","M","Poor cod",6.8133960982373,13.6267921964746,18.8408825728649,24.0549729492552,212,44469,769,16.2338373846697,0,8.16326530612245,61.2244897959184,0,0,0,0,2.04081632653061,0,0,18.3673469387755,0,0,0,0,0,0,0,0,0,8.16326530612245,0,2.04081632653061,0,0,0,0,0,0,0,0,"ZB"
"147","POD.Sm","2","2","3",21,"Trisopterus minutus","Gadidae","POD","Sm","Poor cod",6.8133960982373,13.6267921964746,18.8408825728649,24.0549729492552,161,2020,299,10.220094147356,0,8.57142857142857,71.4285714285714,0,0,0,0,0,0,0,14.2857142857143,0,0,0,0,0,0,0,0,0,2.85714285714286,0,2.85714285714286,0,0,0,0,0,0,0,0,"ZB"
"148","POG.L","3","3","4",20,"Agonus cataphractus","Agonidae","POG","L","Pogge (armed bullhead)",4.10392720560155,8.2078544112031,11.5850179815974,14.9621815519917,12,135,76,14.9621815519917,0,4.16666666666667,87.5,0,0,0,0,0,0,0,4.16666666666667,0,0,0,4.16666666666667,0,0,0,0,0,0,0,0,0,0,0,0,0,0,0,0,"CB"
"149","POG.M","3","3","4",21,"Agonus cataphractus","Agonidae","POG","M","Pogge (armed bullhead)",4.10392720560155,8.2078544112031,11.5850179815974,14.9621815519917,20,253,118,9.89643619640025,0,12.5,83.3333333333333,0,0,0,0,0,0,0,0,0,0,0,4.16666666666667,0,0,0,0,0,0,0,0,0,0,0,0,0,0,0,0,"CB"
"150","POK.L","2","4","5",21,"Pollachius virens","Gadidae","POK","L","Saithe",31.031126787499,62.062253574998,90.4475325743255,118.832811573653,304,135397,1300,118.832811573653,0,0,27.2727272727273,0,0,0,0,0,0,0,33.3333333333333,0,3.03030303030303,0,12.1212121212121,0,0,0,0,0,21.2121212121212,0,3.03030303030303,0,0,0,0,0,0,0,0,"PI"
"151","POK.Lv","1","1","2",9,"Pollachius virens","Gadidae","POK","Lv","Saithe",31.031126787499,62.062253574998,90.4475325743255,118.832811573653,30,277,92,3,0,0,75,0,0,0,0,0,0,0,8.33333333333333,0,0,0,0,0,0,0,0,0,16.6666666666667,0,0,0,0,0,0,0,0,0,0,"ZP"
"152","POK.M","2","4","5",21,"Pollachius virens","Gadidae","POK","M","Saithe",31.031126787499,62.062253574998,90.4475325743255,118.832811573653,823,214316,3455,76.2548930746618,0,5.88235294117647,35.2941176470588,0,0,0,0,0,0,0,32.3529411764706,0,0,0,8.82352941176471,0,0,0,0,0,14.7058823529412,0,2.94117647058824,0,0,0,0,0,0,0,0,"PI"
"153","POK.S","1","1","1",20,"Pollachius virens","Gadidae","POK","S","Saithe",31.031126787499,62.062253574998,90.4475325743255,118.832811573653,817,295989,11773,17.0155633937495,0,7.14285714285714,46.4285714285714,0,0,0,0,1.78571428571429,0,0,25,0,1.78571428571429,0,3.57142857142857,0,0,0,0,0,8.92857142857143,0,3.57142857142857,1.78571428571429,0,0,0,0,0,0,0,"GP"
"154","POK.Sm","2","4","5",20,"Pollachius virens","Gadidae","POK","Sm","Saithe",31.031126787499,62.062253574998,90.4475325743255,118.832811573653,1207,333762,8692,46.5466901812485,0,10.9090909090909,23.6363636363636,0,0,0,0,1.81818181818182,0,0,34.5454545454545,0,1.81818181818182,0,5.45454545454545,1.81818181818182,0,0,0,0,12.7272727272727,0,3.63636363636364,1.81818181818182,1.81818181818182,0,0,0,0,0,0,"PI"
"155","POL.L","2","4","5",16,"Pollachius pollachius","Gadidae","POL","L","Pollack",20.2408829523924,40.4817659047848,59.5491518742501,78.6165378437153,60,199,79,78.6165378437153,0,0,26.3157894736842,0,0,0,0,0,0,0,47.3684210526316,0,0,0,0,0,0,0,0,0,26.3157894736842,0,0,0,0,0,0,0,0,0,0,"PI"
"156","POL.Lv","1","1","2",13,"Pollachius pollachius","Gadidae","POL","Lv","Pollack",20.2408829523924,40.4817659047848,59.5491518742501,78.6165378437153,16,139,85,3,0,0,93.3333333333333,0,0,0,0,0,0,0,0,0,0,0,0,0,0,0,0,0,6.66666666666667,0,0,0,0,0,0,0,0,0,0,"ZP"
"157","POL.M","2","4","5",19,"Pollachius pollachius","Gadidae","POL","M","Pollack",20.2408829523924,40.4817659047848,59.5491518742501,78.6165378437153,42,6962,350,50.0154588895174,4,8,36,0,0,0,0,0,0,0,32,0,0,0,0,0,0,0,0,0,16,0,4,0,0,0,0,0,0,0,0,"PI"
"158","POL.S","1","1","2",21,"Pollachius pollachius","Gadidae","POL","S","Pollack",20.2408829523924,40.4817659047848,59.5491518742501,78.6165378437153,37,7964,384,11.6204414761962,0,9.67741935483871,58.0645161290323,0,0,0,0,0,0,0,22.5806451612903,0,0,0,0,0,0,0,0,0,9.67741935483871,0,0,0,0,0,0,0,0,0,0,"ZP"
"159","POL.Sm","2","4","5",16,"Pollachius pollachius","Gadidae","POL","Sm","Pollack",20.2408829523924,40.4817659047848,59.5491518742501,78.6165378437153,25,14586,442,30.3613244285886,0,9.52380952380952,42.8571428571429,0,0,0,0,0,0,0,28.5714285714286,0,0,0,0,0,0,0,0,0,14.2857142857143,0,4.76190476190476,0,0,0,0,0,0,0,0,"PI"
"160","RED.Lv","1","1","2",5,"Sebastes","Sebastidae","RED","Lv","Redfishes",13.2045203692048,26.4090407384095,32.208961857358,38.0088829763065,1,315,39,3,0,0,71.4285714285714,0,0,0,0,0,0,0,14.2857142857143,0,0,0,0,0,0,0,0,0,14.2857142857143,0,0,0,0,0,0,0,0,0,0,"ZP"
"161","SDF.L","2","2","3",12,"Arnoglossus laterna","Bothidae","SDF","L","Scald fish",3.73052435655809,7.46104871311618,11.5677460858659,15.6744434586157,23,484,174,15.6744434586157,0,5.26315789473684,57.8947368421053,0,0,0,0,5.26315789473684,0,0,15.7894736842105,0,0,0,0,5.26315789473684,0,0,0,0,5.26315789473684,0,0,5.26315789473684,0,0,0,0,0,0,0,"ZB"
"162","SDF.Lv","1","1","2",7,"Arnoglossus laterna","Bothidae","SDF","Lv","Scald fish",3.73052435655809,7.46104871311618,11.5677460858659,15.6744434586157,10,41,95,3,0,0,50,0,0,0,0,0,0,0,20,0,0,0,0,0,0,0,0,0,0,0,0,0,30,0,0,0,0,0,0,"ZP"
"163","SDF.M","2","2","3",12,"Arnoglossus laterna","Bothidae","SDF","M","Scald fish",3.73052435655809,7.46104871311618,11.5677460858659,15.6744434586157,23,422,116,9.51439739949106,0,0,68.75,0,0,0,0,0,0,0,18.75,0,0,0,0,6.25,0,0,0,0,0,0,0,6.25,0,0,0,0,0,0,0,"ZB"
"164","SDR.M","2","2","3",21,"Raja montagui","Rajidae","SDR","M","Spotted ray",28.7754457490943,57.5508914981886,68.7244477909839,79.8980040837793,30,310,64,63.1376696445863,0,10.3448275862069,65.5172413793103,0,0,0,0,0,0,0,13.7931034482759,0,0,0,3.44827586206897,0,0,0,0,0,6.89655172413793,0,0,0,0,0,0,0,0,0,0,"ZB"
"165","SDR.S","2","2","3",18,"Raja montagui","Rajidae","SDR","S","Spotted ray",28.7754457490943,57.5508914981886,68.7244477909839,79.8980040837793,29,1487,101,15.8877228745471,0,8.69565217391304,78.2608695652174,0,0,0,0,0,0,0,8.69565217391304,0,0,0,0,0,0,0,0,0,4.34782608695652,0,0,0,0,0,0,0,0,0,0,"ZB"
"166","SDR.Sm","2","2","3",21,"Raja montagui","Rajidae","SDR","Sm","Spotted ray",28.7754457490943,57.5508914981886,68.7244477909839,79.8980040837793,118,3000,258,43.1631686236414,0,12.8205128205128,64.1025641025641,0,0,0,0,0,0,0,10.2564102564103,0,2.56410256410256,0,0,0,0,0,0,0,7.69230769230769,0,2.56410256410256,0,0,0,0,0,0,0,0,"ZB"
"167","SHY.L","3","3","6",7,"Lipophrys pholis","Blenniidae","SHY","L","Shanny",4.18547002590264,8.37094005180529,12.1525857037353,15.9342313556654,32,11780,1659,15.9342313556654,0,6.25,37.5,0,0,0,0,0,0,0,12.5,0,6.25,0,6.25,6.25,6.25,0,0,0,12.5,0,0,0,6.25,0,0,0,0,0,0,"GB"
"168","SHY.Lv","3","3","4",20,"Lipophrys pholis","Blenniidae","SHY","Lv","Shanny",4.18547002590264,8.37094005180529,12.1525857037353,15.9342313556654,54,964,89,3,0,4,48,0,0,0,0,0,0,4,0,0,0,0,0,0,0,0,0,0,36,0,4,0,0,0,0,0,4,0,0,"CB"
"169","SHY.M","3","3","6",7,"Lipophrys pholis","Blenniidae","SHY","M","Shanny",4.18547002590264,8.37094005180529,12.1525857037353,15.9342313556654,33,12271,1743,10.2617628777703,0,6.25,37.5,0,0,0,0,0,0,0,12.5,0,6.25,0,6.25,6.25,6.25,0,0,0,12.5,0,0,0,6.25,0,0,0,0,0,0,"GB"
"170","SHY.S","3","3","4",21,"Lipophrys pholis","Blenniidae","SHY","S","Shanny",4.18547002590264,8.37094005180529,12.1525857037353,15.9342313556654,106,3180,365,3.59273501295132,0,2.7027027027027,40.5405405405405,0,0,0,0,0,0,2.7027027027027,2.7027027027027,0,2.7027027027027,0,2.7027027027027,2.7027027027027,0,0,0,0,35.1351351351351,0,2.7027027027027,0,2.7027027027027,0,0,0,2.7027027027027,0,0,"CB"
"171","SHY.Sm","3","3","4",21,"Lipophrys pholis","Blenniidae","SHY","Sm","Shanny",4.18547002590264,8.37094005180529,12.1525857037353,15.9342313556654,45,4350,766,6.27820503885397,0,3.03030303030303,45.4545454545455,0,0,0,0,0,0,3.03030303030303,0,0,3.03030303030303,0,3.03030303030303,3.03030303030303,0,0,0,0,30.3030303030303,0,3.03030303030303,0,3.03030303030303,0,0,0,3.03030303030303,0,0,"CB"
"172","SKT.S","2","4","5",17,"Dipturus batis","Rajidae","SKT","S","Common skate",67.3109927477325,134.621985495465,184.600361671917,234.57873784837,27,155,58,35.1554963738662,0,5,55,0,0,0,0,0,0,0,35,0,0,0,0,0,0,0,0,0,5,0,0,0,0,0,0,0,0,0,0,"PI"
"173","SKT.Sm","2","4","5",18,"Dipturus batis","Rajidae","SKT","Sm","Common skate",67.3109927477325,134.621985495465,184.600361671917,234.57873784837,21,109,38,100.966489121599,0,4.16666666666667,37.5,0,0,0,0,0,0,0,50,0,0,0,0,0,0,0,0,0,8.33333333333333,0,0,0,0,0,0,0,0,0,0,"PI"
"174","SOL.L","3","3","7",21,"Solea solea","Soleidae","SOL","L","Sole (dover sole)",9.6279246653654,19.2558493307308,27.7478160469395,36.2397827631482,95,995,523,36.2397827631482,0,25,28.5714285714286,0,0,1.78571428571429,0,0,0,0,10.7142857142857,0,1.78571428571429,0,10.7142857142857,0,0,0,0,0,19.6428571428571,0,0,1.78571428571429,0,0,0,0,0,0,0,"SB"
"175","SOL.M","3","3","7",21,"Solea solea","Soleidae","SOL","M","Sole (dover sole)",9.6279246653654,19.2558493307308,27.7478160469395,36.2397827631482,54,1923,815,23.5018326888352,0,25.4545454545455,25.4545454545455,0,0,1.81818181818182,0,0,0,0,9.09090909090909,0,1.81818181818182,1.81818181818182,9.09090909090909,1.81818181818182,0,0,0,0,20,0,0,1.81818181818182,0,0,0,0,0,1.81818181818182,0,"SB"
"176","SOL.S","3","3","4",7,"Solea solea","Soleidae","SOL","S","Sole (dover sole)",9.6279246653654,19.2558493307308,27.7478160469395,36.2397827631482,10,122,106,6.3139623326827,0,40,50,0,0,0,0,0,0,0,10,0,0,0,0,0,0,0,0,0,0,0,0,0,0,0,0,0,0,0,0,"CB"
"177","SOL.Sm","3","3","4",19,"Solea solea","Soleidae","SOL","Sm","Sole (dover sole)",9.6279246653654,19.2558493307308,27.7478160469395,36.2397827631482,34,1397,688,14.4418869980481,0,30.7692307692308,42.3076923076923,0,0,0,0,0,0,0,7.69230769230769,0,3.84615384615385,0,3.84615384615385,0,0,0,0,0,7.69230769230769,0,0,3.84615384615385,0,0,0,0,0,0,0,"CB"
"178","SOT.M","2","2","3",4,"Buglossidium luteum","Soleidae","SOT","M","Solenette",4.07246190406547,8.14492380813095,10.3185670791851,12.4922103502392,4,1173,268,9.23174544365801,0,20,40,0,0,0,0,0,0,0,10,0,0,0,10,0,10,0,0,0,10,0,0,0,0,0,0,0,0,0,0,"ZB"
"179","SPR.L","1","1","2",20,"Sprattus sprattus","Clupeidae","SPR","L","Sprat",5.3249648296581,10.6499296593162,12.6925085185829,14.7350873778496,57,2509,226,14.7350873778496,0,4.16666666666667,50,0,0,0,0,0,0,0,33.3333333333333,0,0,0,0,0,0,0,0,0,8.33333333333333,0,0,0,4.16666666666667,0,0,0,0,0,0,"ZP"
"180","SPR.Lv","1","1","2",4,"Sprattus sprattus","Clupeidae","SPR","Lv","Sprat",5.3249648296581,10.6499296593162,12.6925085185829,14.7350873778496,6,1366,40,3,0,0,100,0,0,0,0,0,0,0,0,0,0,0,0,0,0,0,0,0,0,0,0,0,0,0,0,0,0,0,0,"ZP"
"181","SPR.M","1","1","2",20,"Sprattus sprattus","Clupeidae","SPR","M","Sprat",5.3249648296581,10.6499296593162,12.6925085185829,14.7350873778496,123,15596,163,11.6712190889496,0,3.84615384615385,61.5384615384615,0,0,0,0,0,0,0,23.0769230769231,0,0,0,0,0,0,0,0,0,3.84615384615385,0,3.84615384615385,0,3.84615384615385,0,0,0,0,0,0,"ZP"
"182","SPR.S","1","1","2",10,"Sprattus sprattus","Clupeidae","SPR","S","Sprat",5.3249648296581,10.6499296593162,12.6925085185829,14.7350873778496,11,35061,328,4.16248241482905,0,0,61.5384615384615,0,0,0,0,7.69230769230769,0,0,23.0769230769231,0,0,0,0,0,0,0,0,0,7.69230769230769,0,0,0,0,0,0,0,0,0,0,"ZP"
"183","SPR.Sm","1","1","2",21,"Sprattus sprattus","Clupeidae","SPR","Sm","Sprat",5.3249648296581,10.6499296593162,12.6925085185829,14.7350873778496,263,122218,1055,7.98744724448715,0,3.33333333333333,53.3333333333333,0,0,0,0,3.33333333333333,0,0,26.6666666666667,0,0,0,0,0,0,0,0,0,3.33333333333333,0,3.33333333333333,0,6.66666666666667,0,0,0,0,0,0,"ZP"
"184","SSN.M","3","3","6",8,"Taurulus bubalis","Cottidae","SSN","M","Sea scorpion",5.6981520759739,11.3963041519478,15.1550961168402,18.9138880817325,11,969,356,13.275700134394,0,6.25,37.5,0,0,0,0,0,0,0,18.75,0,6.25,0,0,0,6.25,0,0,0,12.5,0,0,0,6.25,0,0,6.25,0,0,0,"GB"
"185","SSN.S","3","3","4",18,"Taurulus bubalis","Cottidae","SSN","S","Sea scorpion",5.6981520759739,11.3963041519478,15.1550961168402,18.9138880817325,76,1849,450,4.34907603798695,0,8,44,0,0,0,0,0,0,0,8,0,4,0,4,0,0,0,0,0,20,0,4,0,8,0,0,0,0,0,0,"CB"
"186","SSN.Sm","3","3","6",4,"Taurulus bubalis","Cottidae","SSN","Sm","Sea scorpion",5.6981520759739,11.3963041519478,15.1550961168402,18.9138880817325,24,2510,743,8.54722811396085,0,7.69230769230769,38.4615384615385,0,0,0,0,0,0,0,7.69230769230769,0,7.69230769230769,0,0,0,7.69230769230769,0,0,0,7.69230769230769,0,7.69230769230769,0,7.69230769230769,0,0,7.69230769230769,0,0,0,"GB"
"187","SYP.Lv","1","1","2",7,"Gadiculus argenteus","Gadidae","SYP","Lv","Silvery pout",4.75188112873566,9.50376225747132,13.2759061377353,17.0480500179992,1,553,91,3,0,0,100,0,0,0,0,0,0,0,0,0,0,0,0,0,0,0,0,0,0,0,0,0,0,0,0,0,0,0,0,"ZP"
"188","SYR.M","2","4","5",21,"Amblyraja radiata","Rajidae","SYR","M","Starry ray",27.0079221518029,54.0158443036058,72.0755940738437,90.1353438440816,39,217,118,63.0457191887248,0,20,44,0,0,0,0,0,0,0,28,0,0,0,0,0,0,0,0,0,4,0,4,0,0,0,0,0,0,0,0,"PI"
"189","SYR.S","2","4","5",20,"Amblyraja radiata","Rajidae","SYR","S","Starry ray",27.0079221518029,54.0158443036058,72.0755940738437,90.1353438440816,232,2142,732,15.0039610759015,0,13.2075471698113,54.7169811320755,0,0,0,1.88679245283019,0,0,0,20.7547169811321,0,0,0,3.77358490566038,0,0,0,0,0,3.77358490566038,0,1.88679245283019,0,0,0,0,0,0,0,0,"PI"
"190","SYR.Sm","2","4","5",21,"Amblyraja radiata","Rajidae","SYR","Sm","Starry ray",27.0079221518029,54.0158443036058,72.0755940738437,90.1353438440816,723,4813,2701,40.5118832277044,0,12.3456790123457,50.6172839506173,0,0,0,2.46913580246914,0,0,0,28.3950617283951,0,0,0,1.23456790123457,0,0,0,0,0,3.7037037037037,0,1.23456790123457,0,0,0,0,0,0,0,0,"PI"
"191","TBS.M","2","2","3",5,"Microchirus variegatus","Soleidae","TBS","M","Thickback sole",6.7237352316242,13.4474704632484,16.9856093170922,20.5237481709361,14,1302,405,15.2165398901703,0,9.09090909090909,45.4545454545455,0,0,0,0,0,0,0,9.09090909090909,0,9.09090909090909,0,9.09090909090909,0,9.09090909090909,0,0,0,9.09090909090909,0,0,0,0,0,0,0,0,0,0,"ZB"
"192","TBS.Sm","2","2","3",7,"Microchirus variegatus","Soleidae","TBS","Sm","Thickback sole",6.7237352316242,13.4474704632484,16.9856093170922,20.5237481709361,7,1275,407,10.0856028474363,0,7.69230769230769,53.8461538461538,0,0,0,0,0,0,0,7.69230769230769,0,7.69230769230769,0,7.69230769230769,0,7.69230769230769,0,0,0,7.69230769230769,0,0,0,0,0,0,0,0,0,0,"ZB"
"193","THR.M","2","2","3",20,"Raja clavata","Rajidae","THR","M","Thornback ray (roker)",39.2056906804486,78.4113813608972,98.2226445116661,118.033907662435,37,2794,976,88.3170129362816,0,8.06451612903226,41.9354838709677,0,0,0,0,0,0,0,24.1935483870968,0,1.61290322580645,0,1.61290322580645,0,0,0,0,0,16.1290322580645,0,1.61290322580645,0,1.61290322580645,0,0,0,1.61290322580645,0,1.61290322580645,"ZB"
"194","THR.S","2","2","3",21,"Raja clavata","Rajidae","THR","S","Thornback ray (roker)",39.2056906804486,78.4113813608972,98.2226445116661,118.033907662435,166,2084,514,21.1028453402243,0,12.7659574468085,55.3191489361702,0,0,0,0,0,0,0,19.1489361702128,0,0,0,0,0,0,0,0,0,10.6382978723404,0,0,0,2.12765957446809,0,0,0,0,0,0,"ZB"
"195","THR.Sm","2","2","3",21,"Raja clavata","Rajidae","THR","Sm","Thornback ray (roker)",39.2056906804486,78.4113813608972,98.2226445116661,118.033907662435,218,5569,1412,58.8085360206729,0,8.64197530864197,46.9135802469136,0,0,0,0,0,0,0,20.9876543209877,0,1.23456790123457,0,1.23456790123457,0,0,0,0,0,14.8148148148148,0,1.23456790123457,0,2.46913580246914,0,0,0,1.23456790123457,0,1.23456790123457,"ZB"
"196","TRS.L","3","3","6",7,"Salmo trutta","Salmonidae","TRS","L","Sea trout (brown trout)",12.2293940008538,24.4587880017075,38.7443335466554,53.0298790916034,13,191,129,53.0298790916034,0,11.1111111111111,11.1111111111111,0,0,0,0,0,0,0,66.6666666666667,0,0,0,0,0,0,0,0,0,0,0,0,0,0,0,0,0,11.1111111111111,0,0,"GB"
"197","TRS.M","3","3","6",7,"Salmo trutta","Salmonidae","TRS","M","Sea trout (brown trout)",12.2293940008538,24.4587880017075,38.7443335466554,53.0298790916034,4,183,120,31.6015607741815,0,12.5,12.5,0,0,0,0,0,0,0,75,0,0,0,0,0,0,0,0,0,0,0,0,0,0,0,0,0,0,0,0,"GB"
"198","TUB.L","2","4","5",21,"Chelidonichthys lucerna","Triglidae","TUB","L","Tub gurnard",12.2153497948792,24.4306995897584,36.1021955255029,47.7736914612474,56,601,223,47.7736914612474,0,7.31707317073171,39.0243902439024,0,0,0,0,0,0,0,31.7073170731707,0,0,0,4.8780487804878,0,0,0,0,0,14.6341463414634,0,2.4390243902439,0,0,0,0,0,0,0,0,"PI"
"199","TUB.M","2","4","5",21,"Chelidonichthys lucerna","Triglidae","TUB","M","Tub gurnard",12.2153497948792,24.4306995897584,36.1021955255029,47.7736914612474,145,1371,485,30.2664475576306,0,4.54545454545455,45.4545454545455,0,0,0,0,0,0,0,31.8181818181818,0,0,0,4.54545454545455,0,0,0,0,0,11.3636363636364,0,2.27272727272727,0,0,0,0,0,0,0,0,"PI"
"200","TUB.Sm","2","2","3",21,"Chelidonichthys lucerna","Triglidae","TUB","Sm","Tub gurnard",12.2153497948792,24.4306995897584,36.1021955255029,47.7736914612474,33,308,96,18.3230246923188,0,3.57142857142857,64.2857142857143,0,0,0,0,0,0,0,32.1428571428571,0,0,0,0,0,0,0,0,0,0,0,0,0,0,0,0,0,0,0,0,"ZB"
"201","TUR.L","2","4","5",21,"Psetta maxima","Scophthalmidae","TUR","L","Turbot",13.1532845345358,26.3065690690716,41.0528542805036,55.7991394919355,101,1618,791,55.7991394919355,0,5.88235294117647,20.5882352941176,0,0,0,0,0,0,0,50,0,2.94117647058824,0,5.88235294117647,0,0,0,0,0,8.82352941176471,0,2.94117647058824,0,0,0,2.94117647058824,0,0,0,0,"PI"
"202","TUR.M","2","4","5",21,"Psetta maxima","Scophthalmidae","TUR","M","Turbot",13.1532845345358,26.3065690690716,41.0528542805036,55.7991394919355,225,3260,2381,33.6797116747876,0,2.94117647058824,29.4117647058824,0,0,0,0,0,0,0,47.0588235294118,0,0,0,8.82352941176471,0,0,0,0,0,8.82352941176471,0,2.94117647058824,0,0,0,0,0,0,0,0,"PI"
"203","TUR.S","2","4","5",19,"Psetta maxima","Scophthalmidae","TUR","S","Turbot",13.1532845345358,26.3065690690716,41.0528542805036,55.7991394919355,54,4445,1124,8.0766422672679,0,4.16666666666667,33.3333333333333,0,0,0,0,0,0,0,50,0,0,0,0,0,0,0,0,0,8.33333333333333,0,4.16666666666667,0,0,0,0,0,0,0,0,"PI"
"204","TUR.Sm","2","4","5",21,"Psetta maxima","Scophthalmidae","TUR","Sm","Turbot",13.1532845345358,26.3065690690716,41.0528542805036,55.7991394919355,94,896,517,19.7299268018037,0,3.33333333333333,20,0,0,0,0,0,0,0,60,0,0,0,6.66666666666667,0,0,0,0,0,6.66666666666667,0,3.33333333333333,0,0,0,0,0,0,0,0,"PI"
"205","WAF.Sm","2","4","5",8,"Lophius budegassa","Lophiidae","WAF","Sm","Black-bellied anglerfish",17.4561910363998,34.9123820727996,61.4568166437411,88.0012512146827,30,40,30,26.1842865545997,0,0,20,0,0,0,0,0,0,0,70,0,0,0,0,0,0,0,0,0,10,0,0,0,0,0,0,0,0,0,0,"PI"
"206","WEG.L","3","3","6",2,"Trachinus draco","Trachinidae","WEG","L","Greater weever fish",10.6865918946405,21.373183789281,29.9821503438247,38.5911168983685,2,12,41,38.5911168983685,0,0,0,0,0,0,0,0,0,0,100,0,0,0,0,0,0,0,0,0,0,0,0,0,0,0,0,0,0,0,0,"GB"
"207","WEG.M","3","3","6",2,"Trachinus draco","Trachinidae","WEG","M","Greater weever fish",10.6865918946405,21.373183789281,29.9821503438247,38.5911168983685,2,12,41,25.6776670665529,0,0,0,0,0,0,0,0,0,0,100,0,0,0,0,0,0,0,0,0,0,0,0,0,0,0,0,0,0,0,0,"GB"
"208","WEL.S","2","4","5",21,"Echiichthys vipera","Trachinidae","WEL","S","Lesser weever fish",10.6865918946405,21.373183789281,29.9821503438247,38.5911168983685,155,395,189,6.84329594732025,0,8.33333333333333,58.3333333333333,0,0,0,0,0,0,0,25,0,0,0,0,0,0,0,0,0,8.33333333333333,0,0,0,0,0,0,0,0,0,0,"PI"
"209","WEL.Sm","2","4","5",21,"Echiichthys vipera","Trachinidae","WEL","Sm","Lesser weever fish",10.6865918946405,21.373183789281,29.9821503438247,38.5911168983685,580,1794,624,16.0298878419608,0,3.84615384615385,46.1538461538462,0,0,0,0,0,0,0,34.6153846153846,0,0,0,0,0,0,0,0,0,11.5384615384615,0,3.84615384615385,0,0,0,0,0,0,0,0,"PI"
"210","WHB.L","1","1","1",9,"Micromesistius poutassou","Gadidae","WHB","L","Blue whiting",11.7190706644311,23.4381413288622,29.6544196300735,35.8706979312847,120,2186,138,35.8706979312847,0,0,54.5454545454545,0,0,0,0,0,0,0,36.3636363636364,0,0,0,0,0,0,0,0,0,9.09090909090909,0,0,0,0,0,0,0,0,0,0,"GP"
"211","WHB.M","1","1","1",14,"Micromesistius poutassou","Gadidae","WHB","M","Blue whiting",11.7190706644311,23.4381413288622,29.6544196300735,35.8706979312847,160,2849,184,26.5462804794678,0,0,50,0,0,0,0,6.25,0,0,43.75,0,0,0,0,0,0,0,0,0,0,0,0,0,0,0,0,0,0,0,0,"GP"
"212","WHB.Sm","1","1","1",21,"Micromesistius poutassou","Gadidae","WHB","Sm","Blue whiting",11.7190706644311,23.4381413288622,29.6544196300735,35.8706979312847,374,9212,381,17.5786059966467,0,0,46.1538461538462,0,0,0,0,0,0,0,34.6153846153846,0,0,0,0,0,0,0,0,0,19.2307692307692,0,0,0,0,0,0,0,0,0,0,"GP"
"213","WHG.L","2","4","5",21,"Merlangius merlangus","Gadidae","WHG","L","Whiting",11.9205666488947,23.8411332977894,34.0899543123729,44.3387753269563,3502,288734,22073,44.3387753269563,0,10.6060606060606,38.6363636363636,0,0,0.757575757575758,0,0.757575757575758,0,0.757575757575758,24.2424242424242,0.757575757575758,3.78787878787879,0.757575757575758,3.78787878787879,0,0,0,0.757575757575758,0,12.1212121212121,0,0.757575757575758,0,0.757575757575758,0,0,0,0,0.757575757575758,0,"PI"
"214","WHG.Lv","1","1","2",20,"Merlangius merlangus","Gadidae","WHG","Lv","Whiting",11.9205666488947,23.8411332977894,34.0899543123729,44.3387753269563,403,9103,742,3,0,4.16666666666667,70.8333333333333,0,0,0,0,0,0,0,16.6666666666667,0,0,0,0,0,0,0,0,0,4.16666666666667,0,0,0,4.16666666666667,0,0,0,0,0,0,"ZP"
"215","WHG.M","2","4","5",21,"Merlangius merlangus","Gadidae","WHG","M","Whiting",11.9205666488947,23.8411332977894,34.0899543123729,44.3387753269563,8021,1777615,66733,28.9655438050811,0,12.2093023255814,35.4651162790698,0,0,0.581395348837209,0.581395348837209,0.581395348837209,0,0.581395348837209,25,0.581395348837209,2.32558139534884,1.16279069767442,4.06976744186047,0.581395348837209,0.581395348837209,0,1.16279069767442,0,11.046511627907,0,1.16279069767442,0.581395348837209,0.581395348837209,0,0.581395348837209,0.581395348837209,0,0,0,"PI"
"216","WHG.S","1","1","1",21,"Merlangius merlangus","Gadidae","WHG","S","Whiting",11.9205666488947,23.8411332977894,34.0899543123729,44.3387753269563,2904,197730,14119,7.46028332444735,0,13.2075471698113,49.0566037735849,0,0.943396226415094,0,0,1.88679245283019,0,0,19.811320754717,0.943396226415094,1.88679245283019,0.943396226415094,1.88679245283019,0,0,0,0,0,6.60377358490566,0,1.88679245283019,0,0.943396226415094,0,0,0,0,0,0,"GP"
"217","WHG.Sm","2","4","5",21,"Merlangius merlangus","Gadidae","WHG","Sm","Whiting",11.9205666488947,23.8411332977894,34.0899543123729,44.3387753269563,5997,1684831,56803,17.8808499733421,0,12.8834355828221,40.4907975460123,0,0.613496932515337,0,0.613496932515337,1.22699386503067,0,0.613496932515337,22.6993865030675,0.613496932515337,2.45398773006135,0.613496932515337,3.68098159509202,0,0,0,0.613496932515337,0,9.20245398773006,0,1.22699386503067,0,1.22699386503067,0,0.613496932515337,0.613496932515337,0,0,0,"PI"
"218","WIT.L","3","3","6",12,"Glyptocephalus cynoglossus","Pleuronectidae","WIT","L","Witch",13.4761347061719,26.9522694123439,35.1904162097486,43.4285630071534,12,72,31,43.4285630071534,0,46.6666666666667,40,0,0,0,0,0,0,0,0,0,6.66666666666667,0,0,0,0,0,0,0,6.66666666666667,0,0,0,0,0,0,0,0,0,0,"GB"
"219","WIT.Lv","1","1","2",2,"Glyptocephalus cynoglossus","Pleuronectidae","WIT","Lv","Witch",13.4761347061719,26.9522694123439,35.1904162097486,43.4285630071534,7,70,48,3,0,0,66.6666666666667,0,0,0,0,0,0,0,33.3333333333333,0,0,0,0,0,0,0,0,0,0,0,0,0,0,0,0,0,0,0,0,"ZP"
"220","WIT.M","3","3","6",12,"Glyptocephalus cynoglossus","Pleuronectidae","WIT","M","Witch",13.4761347061719,26.9522694123439,35.1904162097486,43.4285630071534,13,72,32,31.0713428110463,0,41.1764705882353,29.4117647058824,0,0,0,0,0,0,0,11.7647058823529,0,5.88235294117647,0,5.88235294117647,0,0,0,0,0,5.88235294117647,0,0,0,0,0,0,0,0,0,0,"GB"
